,geoid,value
0,1001,16509.044071150336
1,1003,71597.76441639758
2,1005,6671.344905842651
3,1007,7037.820756851037
4,1009,17196.0967134986
5,1011,2507.3201921073032
6,1013,6791.649800468273
7,1015,31873.731477932983
8,1017,9736.26639648905
9,1019,6074.15428495926
10,1021,11955.017835320517
11,1023,2388.870744708227
12,1025,8952.034684068078
13,1027,3917.3150743948927
14,1029,4359.562467082687
15,1031,17387.193226059735
16,1033,17158.289483861256
17,1035,3152.5338696066065
18,1037,3560.2524043907224
19,1039,10155.306775973424
20,1041,4428.185205081609
21,1043,35740.07262649158
22,1045,16644.873222804454
23,1047,10420.447180832336
24,1049,21983.16765184424
25,1051,27239.68790122733
26,1053,10357.176325434655
27,1055,29723.669303195973
28,1057,5086.383402306527
29,1059,9916.757107440055
30,1061,7964.302727155519
31,1063,1848.6198177790955
32,1065,5685.306256259911
33,1067,6032.211199160278
34,1069,30558.228946764317
35,1071,16944.423314494958
36,1073,261735.05704451256
37,1075,4795.6241758680735
38,1077,27461.897507826314
39,1079,10503.161766339319
40,1081,40663.42562821321
41,1083,29104.13736374538
42,1085,2954.6394978207377
43,1087,4942.966278377552
44,1089,124494.47636941346
45,1091,6507.991172125992
46,1093,9560.091687059487
47,1095,30700.25350795327
48,1097,137267.97850979315
49,1099,5697.375733371879
50,1101,64298.16960060696
51,1103,41540.276374092726
52,1105,2993.3732724730394
53,1107,6014.355533899879
54,1109,8302.302761217443
55,1111,6419.583358929625
56,1113,11898.630339721236
57,1115,29297.960869352664
58,1117,70835.59546799914
59,1119,3119.0175418035046
60,1121,26648.040803518466
61,1123,14042.010001612613
62,1125,75899.34858442839
63,1127,20737.825086599158
64,1129,4064.8009469990147
65,1131,3872.6640041740407
66,1133,7149.755284523102
67,2013,1001.4129151583418
68,2016,1786.0140227304646
69,2020,138386.1280269853
70,2050,11154.594303266682
71,2060,0.0
72,2068,1608.3928703170657
73,2070,2004.409786221887
74,2090,34422.376161315246
75,2100,594.1045028736231
76,2110,13353.98302770806
77,2122,21575.952650038857
78,2130,4303.822145291863
79,2150,5228.87089553352
80,2164,1228.645063581252
81,2170,38010.41146679074
82,2180,6995.343197029651
83,2185,5632.198776783385
84,2188,5116.253953392084
85,2195,916.9021647880381
86,2198,1761.2873512370684
87,2220,3590.31544839986
88,2230,657.0832977276181
89,2240,2724.4811271405138
90,2261,0.0
91,2275,772.4750132926835
92,2282,1071.16964673485
93,2290,1390.7905856235996
94,4001,34321.28744207198
95,4003,37040.08978900953
96,4005,43366.57341495377
97,4007,22312.725352671037
98,4009,15180.256272874693
99,4011,2552.5623073899374
100,4012,5718.153234438634
101,4013,1542529.4626839014
102,4015,62750.22740300859
103,4017,48996.348936436385
104,4019,248540.45035564475
105,4021,135918.72815481274
106,4023,17923.161930230235
107,4025,65561.93053085134
108,4027,59793.450354152556
109,5001,5969.018329001786
110,5003,5095.142588614262
111,5005,10594.572846154922
112,5007,69338.95436041837
113,5009,12077.524093321434
114,5011,3892.2292628357304
115,5013,1202.2133280662515
116,5015,7132.329655590584
117,5017,2974.3167225866337
118,5019,6721.199322366043
119,5021,5365.550767834318
120,5023,8308.312655471169
121,5025,2114.6842407231793
122,5027,6226.561194415103
123,5029,7336.7421313660325
124,5031,34335.40967480546
125,5033,19138.894831555128
126,5035,17032.191769494784
127,5037,5053.5410910991695
128,5039,1824.5787225921797
129,5041,3578.2282576540956
130,5043,5916.163172147146
131,5045,39860.870958196174
132,5047,3458.3337838859943
133,5049,3169.4153365739016
134,5051,25820.43979492069
135,5053,6016.709427222607
136,5055,14788.125591132475
137,5057,3853.4825888384626
138,5059,14041.290483897283
139,5061,4111.5018707209365
140,5063,11859.101454996306
141,5065,5099.763233395065
142,5067,6373.534590901201
143,5069,22757.797034369003
144,5071,8655.315708290247
145,5073,1405.2849284877327
146,5075,6908.940699851426
147,5077,2978.0057791581694
148,5079,5524.0721871385385
149,5081,3927.65259700515
150,5083,5808.228631629628
151,5085,22109.098952345375
152,5087,4253.085480711751
153,5089,3626.552202935759
154,5091,11561.859807367666
155,5093,16387.90861080013
156,5095,2275.707919629922
157,5097,1758.5084816055187
158,5099,2451.6286440765625
159,5101,2364.5985274766363
160,5103,5847.651635864744
161,5105,2574.7076572554465
162,5107,5615.944980030653
163,5109,2778.932916403785
164,5111,9614.876932065223
165,5113,4398.955406172737
166,5115,21429.8821412623
167,5117,1975.38849058146
168,5119,115775.18158787895
169,5121,6469.609569356857
170,5123,7622.962408359192
171,5125,34902.683767828756
172,5127,2698.6930804937783
173,5129,2453.6379343373037
174,5131,37768.610678191835
175,5133,7264.255043107448
176,5135,5249.9097254786
177,5137,3415.4702411858757
178,5139,9669.789616461721
179,5141,3601.263132233924
180,5143,82991.09257296564
181,5145,27797.465332545078
182,5147,2218.17646495545
183,5149,6918.721763906738
184,6001,392637.63278098934
185,6003,103.55106315408784
186,6005,9900.707982828095
187,6007,42291.625856657265
188,6009,9933.50683850836
189,6011,4647.914394364519
190,6013,261750.71866655626
191,6015,6811.641218083945
192,6017,39355.078552709005
193,6019,289665.0419652532
194,6021,8753.009089585112
195,6023,27578.232113834707
196,6025,81128.05934795033
197,6027,5466.747426809225
198,6029,269953.28244144464
199,6031,66507.39555702923
200,6033,16038.980403278769
201,6035,10247.4584540049
202,6037,3923002.763228348
203,6039,57997.7753250182
204,6041,51219.524288915236
205,6043,3707.9907812382157
206,6045,19487.40686173673
207,6047,77110.947962961
208,6049,1291.198736160507
209,6051,3173.128520327676
210,6053,98075.72291991569
211,6055,35286.88264358703
212,6057,20738.260468558932
213,6059,757393.0394182255
214,6061,81319.29868789828
215,6063,4058.3322787227435
216,6065,715887.4473480115
217,6067,418108.36399067484
218,6069,17369.47581179712
219,6071,769416.953008709
220,6073,889400.5208815889
221,6075,173523.258544228
222,6077,211333.01938377004
223,6079,79320.77774297835
224,6081,199898.16585552596
225,6083,100030.14010501943
226,6085,509695.6170401481
227,6087,60627.09315231352
228,6089,51673.58081227608
229,6091,350.9766763917872
230,6093,8263.31771902371
231,6095,114657.41789494823
232,6097,98613.47640794129
233,6099,179388.84883101025
234,6101,29861.44623096752
235,6103,18502.097041537563
236,6105,1821.4207447676083
237,6107,177693.74754187983
238,6109,14488.009851984847
239,6111,218035.35981816013
240,6113,54008.18543414875
241,6115,20707.37710649587
242,8001,154030.3181543585
243,8003,5686.5413210580655
244,8005,178474.26105218628
245,8007,3336.5734246185325
246,8009,985.9794874213237
247,8011,2655.1208172616944
248,8013,94739.36583977079
249,8014,14816.10081396568
250,8015,5638.668259717323
251,8017,318.34369285612576
252,8019,1733.4744209133114
253,8021,2359.408680129407
254,8023,910.6911736113258
255,8025,3865.704501739943
256,8027,921.2730051281225
257,8029,7194.8102171558485
258,8031,223318.54796139587
259,8033,368.13756221871625
260,8035,96624.01812301969
261,8037,17160.987630179734
262,8039,5823.148343733197
263,8041,214166.26379914387
264,8043,17684.053761196014
265,8045,15632.901369085648
266,8047,1240.5745368091495
267,8049,3578.0531471725776
268,8051,3448.0427092182076
269,8053,149.73989396116798
270,8055,1874.8930774399846
271,8057,192.27220527143183
272,8059,165286.03907207667
273,8061,363.4674876383928
274,8063,1727.1600624564949
275,8065,2048.1154725204483
276,8067,15178.130056041462
277,8069,112936.770537109
278,8071,3748.3040644759435
279,8073,2290.194333366782
280,8075,5731.091832282296
281,8077,50836.66692505213
282,8079,296.9475977739253
283,8081,3818.642522423118
284,8083,6916.439406166197
285,8085,11563.310566823317
286,8087,6992.740158809753
287,8089,5061.639115345678
288,8091,879.8929508228817
289,8093,3553.8894869575083
290,8095,1046.0776235492092
291,8097,8414.298215305758
292,8099,2892.9991531004243
293,8101,54572.33428315918
294,8103,1642.8593128985137
295,8105,3011.769244202199
296,8107,7643.411008828312
297,8109,1262.6131717451963
298,8111,301.50898078629376
299,8113,2474.8415436657624
300,8115,571.1484678109007
301,8117,12197.22250693508
302,8119,5932.12669318529
303,8121,1142.0308986591497
304,8123,87596.92516782797
305,8125,2524.06297927168
306,9001,234013.38204815448
307,9003,227488.59300965854
308,9005,37703.52499966772
309,9007,35991.50625254757
310,9009,216131.67308875284
311,9011,69071.05198268479
312,9013,24623.125080565434
313,9015,29468.086724198907
314,10001,68835.2986426301
315,10003,178854.2406944349
316,10005,70662.44253717554
317,11001,166261.42002049592
318,12001,87635.03629173478
319,12003,8093.8600395164685
320,12005,47300.08852494105
321,12007,8400.142123236146
322,12009,183133.24584015936
323,12011,675541.8799795139
324,12013,3872.289656904306
325,12015,50848.670042275335
326,12017,40250.5168412604
327,12019,61218.50919799997
328,12021,110492.70915949225
329,12023,27663.83889013298
330,12027,10426.348891045584
331,12029,4821.245779692843
332,12031,318876.5131020372
333,12033,117725.18582941707
334,12035,21125.242588745834
335,12037,3615.781542904121
336,12039,15492.96153798165
337,12041,6629.882063505589
338,12043,2144.6600207168663
339,12045,4825.350846097188
340,12047,5185.1906129543395
341,12049,10068.039319355832
342,12051,13605.550955981453
343,12053,53115.7739076376
344,12055,28108.66917828162
345,12057,434327.0626628229
346,12059,6187.308621929402
347,12061,50746.39666339686
348,12063,17073.479189989215
349,12065,4942.359958557504
350,12067,2749.3017782489896
351,12069,108811.6559518168
352,12071,190369.42684612566
353,12073,117326.32811221208
354,12075,12263.737345088237
355,12077,3162.439373461403
356,12079,7159.694435659501
357,12081,129928.88713657398
358,12083,100246.2450607602
359,12085,35751.49936645321
360,12086,1191752.2259880805
361,12087,23191.916968015787
362,12089,24295.68605402051
363,12091,57811.03797276013
364,12093,11044.071353843237
365,12095,449739.03039706417
366,12097,131215.46985006583
367,12099,399236.8614830594
368,12101,147460.78906580742
369,12103,264536.09818252176
370,12105,227298.85061332025
371,12107,20370.98444467698
372,12109,85723.13113288685
373,12111,86209.59251969722
374,12113,54881.84359364005
375,12115,109696.05034319477
376,12117,130874.88218354448
377,12119,31659.11758846029
378,12121,15193.196244461633
379,12123,7662.26522873656
380,12125,4366.4735248945635
381,12127,159066.42396054472
382,12129,11670.004107158147
383,12131,18640.115378359533
384,12133,7115.000348071838
385,13001,4139.81937943844
386,13003,2372.1641768760715
387,13005,3916.977753817421
388,13007,614.764056650451
389,13009,10327.846570662474
390,13011,4403.786657431314
391,13013,25215.61359163962
392,13015,34129.85588797418
393,13017,5146.800761101676
394,13019,6148.656615185486
395,13021,44296.72584055096
396,13023,3269.049810995464
397,13025,4777.307091080921
398,13027,3916.4520804455387
399,13029,12122.144479826558
400,13031,20580.537511835326
401,13033,5891.162652358864
402,13035,7049.84914532358
403,13037,1428.9641875847797
404,13039,14132.210249045738
405,13043,2765.1969177102724
406,13045,23944.80765250894
407,13047,18763.692434082204
408,13049,4210.658355536579
409,13051,81141.46983740114
410,13053,6749.923609868019
411,13055,5630.563895069443
412,13057,67938.62049478716
413,13059,37187.696585169004
414,13061,536.798857401965
415,13063,75626.12455572985
416,13065,2257.4762285054317
417,13067,197440.77743208222
418,13069,10053.406368822243
419,13071,11731.101698927889
420,13073,43218.07971128038
421,13075,5663.3303423472025
422,13077,43369.196052947846
423,13079,2788.2481705046075
424,13081,4310.177850212334
425,13083,3366.8433757848125
426,13085,8505.341944307984
427,13087,7175.491149522575
428,13089,183954.23868024908
429,13091,5570.591934162965
430,13093,2861.186936158066
431,13095,25821.126820718557
432,13097,37793.58510869966
433,13099,3237.895785030852
434,13101,1183.436773480827
435,13103,13752.747194164906
436,13105,4772.081585203132
437,13107,7243.660660614567
438,13109,2723.850662402896
439,13111,5757.784535450945
440,13113,28101.465101731632
441,13115,25737.162200227656
442,13117,67954.57628678282
443,13119,6288.481975172678
444,13121,235256.1102281314
445,13123,7786.838294404292
446,13125,759.6233350014958
447,13127,28690.524357363993
448,13129,16435.05426080214
449,13131,6669.422785987637
450,13133,4424.234948912558
451,13135,235794.18196406143
452,13137,11524.311536246523
453,13139,63544.024269054724
454,13141,2104.255532415193
455,13143,6240.824878854674
456,13145,5461.2227688128905
457,13147,5430.661252830958
458,13149,2067.1504878475853
459,13151,61181.50989024964
460,13153,46934.09143421227
461,13155,2067.7384268042338
462,13157,23777.062546955876
463,13159,3419.243189631274
464,13161,4690.773802828274
465,13163,4228.177432920732
466,13165,1668.4838785413144
467,13167,2536.3619433043814
468,13169,5809.877768868962
469,13171,5650.056228788664
470,13173,2792.073223969564
471,13175,18327.898466916467
472,13177,10171.199963242136
473,13179,17571.50614974968
474,13181,1363.0444637325895
475,13183,2896.931504922065
476,13185,37072.62868083539
477,13187,6894.444442527599
478,13189,5784.354747511629
479,13191,2656.6408938147247
480,13193,2894.7128827288793
481,13195,6956.40584263596
482,13197,1605.9566723959795
483,13199,4588.028148664856
484,13201,1974.252455703861
485,13205,6064.733632758233
486,13207,7238.186162281538
487,13209,2187.5240545256447
488,13211,4769.315127878285
489,13213,14640.173690648739
490,13215,42115.7978745386
491,13217,25590.677414573925
492,13219,10860.071717644398
493,13221,3973.4660529078656
494,13223,41558.418600136996
495,13225,7278.258512139358
496,13227,8879.314559838822
497,13229,5780.190857967329
498,13231,7239.038793480081
499,13233,11349.138977462764
500,13235,2590.875115978249
501,13237,4640.299335407044
502,13239,499.693423175408
503,13241,3556.835838245644
504,13243,1690.6298150716925
505,13245,51936.89930879864
506,13247,23494.484446056882
507,13249,1337.255693121435
508,13251,3327.1760044698053
509,13253,2491.2451964556344
510,13255,19695.54391308907
511,13257,7294.9969809861495
512,13259,2908.0209898969915
513,13261,7368.632916315904
514,13263,1121.039383966301
515,13265,321.94701559962573
516,13267,5718.327677286399
517,13269,2238.286282968391
518,13271,3416.7057577490077
519,13273,2115.512399620301
520,13275,12883.823777726637
521,13277,13805.629457700745
522,13279,8851.928211417395
523,13281,2416.9472341814007
524,13283,2015.9184780475928
525,13285,16406.221638679952
526,13287,3166.844293653348
527,13289,1934.262968417899
528,13291,5696.782799153613
529,13293,8204.464622597556
530,13295,19149.961711719927
531,13297,25369.933721874888
532,13299,10709.47464433616
533,13301,1220.7193836439012
534,13303,5696.8401837824495
535,13305,7548.048771078243
536,13307,495.3901327964378
537,13309,1790.132905579162
538,13311,6924.533080290236
539,13313,36605.51471361657
540,13315,2424.201425840179
541,13317,2569.772684467525
542,13319,2795.3063429582894
543,13321,4393.337707556902
544,15001,38611.2270701133
545,15003,264598.11968610436
546,15007,16368.109850994972
547,15009,43943.54493113402
548,16001,155460.90612997502
549,16003,861.0938293940474
550,16005,23314.9506124821
551,16007,1023.6284982703054
552,16009,2882.412581329587
553,16011,10119.697228489435
554,16013,6592.474467208834
555,16015,1326.3133207238216
556,16017,9437.333622718288
557,16019,33790.07832934651
558,16021,2569.200999946239
559,16023,519.2235305684969
560,16025,128.16941052912003
561,16027,60669.88682390547
562,16029,1946.5392790773885
563,16031,4743.367362022347
564,16033,115.65486915629175
565,16035,1931.5354341385987
566,16037,737.0666320478015
567,16039,8080.445326448639
568,16041,2517.802400780156
569,16043,2419.181748437836
570,16045,4682.109263735515
571,16047,3943.17918568585
572,16049,3225.4058204655885
573,16051,5750.488841879852
574,16053,4901.461594023313
575,16055,42659.44416202929
576,16057,7555.773855788888
577,16059,1911.0984881777806
578,16061,1073.646205911467
579,16063,1246.623602459549
580,16065,13322.485876915998
581,16067,4009.528318715036
582,16069,9112.21585037063
583,16071,826.6392340299974
584,16073,2648.1371582474985
585,16075,5930.802181129395
586,16077,1536.9894411835578
587,16079,2764.531125791465
588,16081,2574.9731834152662
589,16083,27081.346993449206
590,16085,2647.6188580071275
591,16087,2814.5079556107166
592,17001,25517.643270836903
593,17003,1543.0195041035388
594,17005,4758.361538477175
595,17007,17248.88097018713
596,17009,2893.607215072785
597,17011,10221.721996489727
598,17013,2021.2196731188258
599,17015,4657.234922314002
600,17017,4802.866204563881
601,17019,70850.32840511105
602,17021,13285.83441848499
603,17023,5545.246609576739
604,17025,4743.02475030469
605,17027,12123.174745123844
606,17029,19273.80812165882
607,17031,1584202.9930968124
608,17033,7476.180550986627
609,17035,3597.139334300764
610,17037,23816.758005461325
611,17039,4505.48040842623
612,17041,7312.237020760251
613,17043,269207.1673000687
614,17045,5455.108156229964
615,17047,1847.6262616998838
616,17049,11458.413303710055
617,17051,7569.683141269051
618,17053,4699.252055707303
619,17055,13543.535908082984
620,17057,11964.938731689572
621,17059,1878.5904321538958
622,17061,3607.0757511601687
623,17063,17315.371012083302
624,17065,2372.9972189075706
625,17067,4537.511858586569
626,17069,1436.7044964552285
627,17071,1489.7340197059216
628,17073,15240.056321471262
629,17075,8446.75859380031
630,17077,21891.556888793944
631,17079,2950.812278919411
632,17081,12873.616655600466
633,17083,7989.16276165832
634,17085,4777.162643883466
635,17087,4705.408942610775
636,17089,133591.18793981933
637,17091,28884.830679098788
638,17093,33801.666633232635
639,17095,15832.934599987917
640,17097,206767.02245016635
641,17099,34632.84414248217
642,17101,5637.7271074235005
643,17103,11506.860283790555
644,17105,15687.904172621409
645,17107,12501.697817010836
646,17109,8550.823468458899
647,17111,96282.42924932209
648,17113,56851.495702822736
649,17115,35663.36143205529
650,17117,17721.761343366677
651,17119,68191.78069392212
652,17121,13402.307069713044
653,17123,3288.062927839308
654,17125,4318.7112547183615
655,17127,4986.394088621124
656,17129,4413.596218057226
657,17131,4884.123930861957
658,17133,9591.578761543788
659,17135,12165.093742236724
660,17137,11303.962309327871
661,17139,5212.4621000608195
662,17141,17941.069944153875
663,17143,50232.883614670216
664,17145,7845.709272981769
665,17147,5217.509430060225
666,17149,5023.030519385209
667,17151,1117.4280071359303
668,17153,1650.1620851866035
669,17155,1474.0116892994383
670,17157,10947.047486621832
671,17159,5641.554994282582
672,17161,32611.239533631706
673,17163,74491.44646162535
674,17165,8747.857043737247
675,17167,62877.40963551086
676,17169,2170.305945339231
677,17171,1441.5085914941399
678,17173,6374.646215599746
679,17175,1890.4542586212522
680,17177,12959.43270262575
681,17179,48168.319862218355
682,17181,6258.176981949215
683,17183,35041.19741880246
684,17185,3636.341944571827
685,17187,5074.824872250747
686,17189,3733.150616079381
687,17191,5422.4622208165265
688,17193,4088.6504290220614
689,17195,16310.65330747684
690,17197,179445.6942406583
691,17199,25984.788169881034
692,17201,89505.92404179285
693,17203,13028.29226800551
694,18001,7792.069683521468
695,18003,114381.30684080513
696,18005,23058.30960661912
697,18007,2780.151502318694
698,18009,3472.8064437904914
699,18011,16781.86616718833
700,18013,2960.021774948861
701,18015,5100.887676239347
702,18017,10455.368700709403
703,18019,43619.111351409425
704,18021,8825.480879996889
705,18023,12192.633479228396
706,18025,2889.958982182057
707,18027,7769.663864424699
708,18029,15009.62247647325
709,18031,7788.790685477691
710,18033,14398.56535656715
711,18035,28588.349301742724
712,18037,13404.578948904817
713,18039,57031.59156605792
714,18041,8734.325343821809
715,18043,17923.775888401145
716,18045,6636.037461527434
717,18047,4342.180658105103
718,18049,5864.345458956608
719,18051,13251.358426071409
720,18053,22453.48343704329
721,18055,7862.617423625809
722,18057,97307.54397584754
723,18059,26902.514315878147
724,18061,12589.424741795468
725,18063,57198.95734283663
726,18065,14589.41711332325
727,18067,26985.670265686003
728,18069,14553.145148432282
729,18071,15184.707280122424
730,18073,10490.909905631263
731,18075,6366.710120348178
732,18077,10082.591947517947
733,18079,7946.812120399987
734,18081,47824.12932434811
735,18083,13217.904217338599
736,18085,19554.38384899539
737,18087,7429.832338296977
738,18089,123235.78879765938
739,18091,26549.06611770107
740,18093,12739.023385493463
741,18095,33675.687599879355
742,18097,280246.8917003253
743,18099,12749.18609827514
744,18101,2568.804822970107
745,18103,12093.69092560906
746,18105,29544.75913024197
747,18107,10971.855453887452
748,18109,20762.231273471825
749,18111,2774.1356594120257
750,18113,14721.35102945818
751,18115,1724.509112304051
752,18117,6461.691693302583
753,18119,7615.132244636462
754,18121,3944.8784470882506
755,18123,5220.790048115407
756,18125,3841.1593736484338
757,18127,48236.65329661157
758,18129,7766.451716142255
759,18131,3749.2085078546256
760,18133,11020.061450344652
761,18135,6357.927898327103
762,18137,9840.757426578295
763,18139,5347.085442036092
764,18141,73494.53085613975
765,18143,8670.895526693621
766,18145,16721.63946444092
767,18147,7049.757361385247
768,18149,4950.788645633333
769,18151,10474.492396349522
770,18153,5182.433245016788
771,18155,2339.6802276213557
772,18157,56804.352336253854
773,18159,3648.1609877426217
774,18161,2205.9204813327474
775,18163,57657.88317469251
776,18165,4762.860533694304
777,18167,28118.23400900896
778,18169,9801.231829692613
779,18171,2106.6788485830352
780,18173,20588.419457080578
781,18175,5533.351915499152
782,18177,23474.11143657315
783,18179,8772.966374317837
784,18181,7921.671926738925
785,18183,12863.681226905828
786,19001,1657.5093825974998
787,19003,1115.9545558787543
788,19005,3084.071564693399
789,19007,2869.4019065810326
790,19009,1268.3263506922046
791,19011,5878.02335755125
792,19013,37804.938244421115
793,19015,5326.9875034120805
794,19017,6739.535961048652
795,19019,5012.482053577949
796,19021,6617.227878946294
797,19023,3543.4110379875315
798,19025,2650.8308326950896
799,19027,5991.595948121806
800,19029,3500.0406119997588
801,19031,5264.248534312838
802,19033,12498.77474289891
803,19035,3514.878869463313
804,19037,3034.0491452592787
805,19039,1870.108012610838
806,19041,4380.023396069065
807,19043,4056.0241714230597
808,19045,14829.448079304602
809,19047,4529.08390674647
810,19049,24340.746033524305
811,19051,1756.2898705014943
812,19053,1633.4875092847562
813,19055,4582.366945714009
814,19057,8868.506543966132
815,19059,4385.941344835432
816,19061,27552.109701093126
817,19063,2182.786113564468
818,19065,4797.914866911914
819,19067,5219.0081063871485
820,19069,2379.3200776629596
821,19071,1424.917210032992
822,19073,2249.1966806880655
823,19075,2489.2561592906827
824,19077,2639.615815753185
825,19079,3393.155283397612
826,19081,3922.7976340461382
827,19083,4989.215911003024
828,19085,3650.2535748815785
829,19087,6925.510638640636
830,19089,2209.436342190135
831,19091,2531.4671158181136
832,19093,1762.3113683310569
833,19095,3705.306823034503
834,19097,4868.673087083562
835,19099,8811.020401692316
836,19101,3777.8405507055354
837,19103,38226.65968300433
838,19105,6270.637712336582
839,19107,2019.532380487956
840,19109,4190.4109160540565
841,19111,8019.862695948275
842,19113,59001.52789125169
843,19115,3211.0009355830443
844,19117,2104.7332151148194
845,19119,2970.0861665392367
846,19121,3425.883119506548
847,19123,4969.163577236067
848,19125,7675.113732370193
849,19127,9127.287818308054
850,19129,3396.8759828537595
851,19131,2520.7628548078255
852,19133,2232.9669700941877
853,19135,1914.3462032245188
854,19137,2305.8394536144287
855,19139,9281.641464327555
856,19141,3840.0549071547466
857,19143,1428.391980636253
858,19145,3228.651028114502
859,19147,2766.807253654936
860,19149,5679.181761060174
861,19151,2095.085020205117
862,19153,139245.7864506942
863,19155,26254.603054163075
864,19157,5186.22010745124
865,19159,1200.0827281967934
866,19161,2948.2044162781012
867,19163,41956.73162183769
868,19165,2844.708767342988
869,19167,7157.556917686454
870,19169,26739.97610913423
871,19171,4873.984078410745
872,19173,1445.1302132504231
873,19175,2416.936034880714
874,19177,1434.3829452064103
875,19179,9517.677904937382
876,19181,13827.64790726835
877,19183,6336.383523081254
878,19185,1348.0585700893653
879,19187,11842.931083879084
880,19189,3165.508399336915
881,19191,4514.27311567025
882,19193,30535.61558506268
883,19195,1879.9002786528204
884,19197,4024.422416677884
885,20001,4775.484071203168
886,20003,2425.751170198872
887,20005,4770.948325892805
888,20007,1087.1488335182453
889,20009,8849.13652047948
890,20011,5861.615680868292
891,20013,2797.797359510993
892,20015,21504.05103395547
893,20017,692.7289833755204
894,20019,915.8136419369138
895,20021,6119.336308712124
896,20023,737.7424526359706
897,20025,428.2609319351517
898,20027,2487.9531419502864
899,20029,2366.846746597715
900,20031,2562.7806947082704
901,20033,585.3128196661187
902,20035,12757.375333083464
903,20037,11685.387235784723
904,20039,752.9776543650005
905,20041,5579.027634157144
906,20043,2813.7296489290293
907,20045,25823.561021627913
908,20047,696.4916449709597
909,20049,628.4113426735065
910,20051,7174.2455659457
911,20053,2138.927350883825
912,20055,14022.014196266462
913,20057,12628.61646676152
914,20059,7956.1543308569935
915,20061,10939.460942409629
916,20063,882.6189580563062
917,20065,731.6775513726869
918,20067,2497.668389426021
919,20069,1366.2241884720502
920,20071,329.7621520671939
921,20073,2161.502679400778
922,20075,545.7386093992028
923,20077,1867.629112055991
924,20079,11322.232763315305
925,20081,1008.550016860341
926,20083,460.11301917050594
927,20085,4035.2066072333446
928,20087,5429.681519946645
929,20089,819.8836729942441
930,20091,182005.52959303133
931,20093,1494.2346851283858
932,20095,2076.897357234911
933,20097,832.3090916408129
934,20099,5593.880826226949
935,20101,327.5683947150069
936,20103,23516.6454282859
937,20105,641.4371837346315
938,20107,2904.9431562640625
939,20109,954.7181759033984
940,20111,11863.528059399028
941,20113,7545.027911923952
942,20115,3554.677426629556
943,20117,2934.1170115095283
944,20119,1490.5421303802473
945,20121,9537.32136585105
946,20123,1504.02911960991
947,20125,9838.998918379928
948,20127,1526.924216548267
949,20129,651.3776558572505
950,20131,3630.9438141607384
951,20133,6129.196386761326
952,20135,759.5662731834268
953,20137,2504.1817959751693
954,20139,4714.422677452075
955,20141,775.9318892299549
956,20143,1611.8920028803232
957,20145,2127.5739816843334
958,20147,1684.4724115549595
959,20149,6184.081634218302
960,20151,2437.251218624678
961,20153,713.9719794516772
962,20155,20879.79228344846
963,20157,1476.9715640937366
964,20159,2870.995731378702
965,20161,15863.448050577988
966,20163,1566.7595474256789
967,20165,892.3427904669179
968,20167,1966.4630736198314
969,20169,14382.282309804008
970,20171,1430.8588435629174
971,20173,134451.9089790018
972,20175,6967.49021075825
973,20177,55442.35596291533
974,20179,872.6487502855712
975,20181,1750.9824457622985
976,20183,715.8349240454161
977,20185,1322.632527724702
978,20187,482.8837590548927
979,20189,1566.8081963311954
980,20191,7245.490699333591
981,20193,2500.9184650531815
982,20195,741.9014365230177
983,20197,1840.3692149649257
984,20199,459.42700197294005
985,20201,1563.2425204820174
986,20203,590.3492228268149
987,20205,3087.4173496883836
988,20207,828.0273281257026
989,20209,58387.334380567285
990,21001,7461.056457689488
991,21003,7240.625541779111
992,21005,7625.5215914942655
993,21007,1772.002499098052
994,21009,18417.889772111863
995,21011,3903.067943372008
996,21013,8547.170632120347
997,21015,42129.97269490754
998,21017,6432.558838325065
999,21019,17863.305171062875
1000,21021,9191.232498759224
1001,21023,2700.1362303923493
1002,21025,4911.186913045633
1003,21027,5689.283256264926
1004,21029,24923.68977547258
1005,21031,5238.115159893638
1006,21033,4371.579535399856
1007,21035,11998.69640722164
1008,21037,28588.25654678602
1009,21039,1472.7256164884259
1010,21041,4077.7438543702106
1011,21043,10363.50056849368
1012,21045,4900.596323085378
1013,21047,17968.946092610626
1014,21049,11177.383725807094
1015,21051,11676.578279256633
1016,21053,4025.0490968872114
1017,21055,2510.6341921598437
1018,21057,2490.4474234475883
1019,21059,39785.66651578365
1020,21061,2836.7476721862836
1021,21063,2830.4054490760564
1022,21065,4688.271268711413
1023,21067,107006.22038320017
1024,21069,3774.3260020211187
1025,21071,16085.80415297621
1026,21073,18409.085145925314
1027,21075,1479.9177434263293
1028,21077,2967.2413318114973
1029,21079,4513.001966001813
1030,21081,9373.255018907314
1031,21083,12788.70422528396
1032,21085,10781.066556103071
1033,21087,4141.918089189764
1034,21089,12685.13076239262
1035,21091,2915.48907361178
1036,21093,37077.677930050166
1037,21095,12295.571701735096
1038,21097,6689.041309089033
1039,21099,6736.402070292263
1040,21101,14828.831242435564
1041,21103,5725.064569769571
1042,21105,1014.1307190716101
1043,21107,18922.73713835863
1044,21109,4012.0609903381346
1045,21111,252500.43226265692
1046,21113,16063.793424060035
1047,21115,8271.429830472676
1048,21117,51308.97834440807
1049,21119,4679.19432261268
1050,21121,11714.0244314917
1051,21123,4316.20643586469
1052,21125,25544.246026704688
1053,21127,5548.043690337044
1054,21129,3288.946238610383
1055,21131,4206.717497120972
1056,21133,8696.802599901877
1057,21135,4297.738830234608
1058,21137,9382.335584918883
1059,21139,3112.1680672327
1060,21141,9918.32049207486
1061,21143,2921.814502861181
1062,21145,23345.172304478136
1063,21147,6561.8380045962285
1064,21149,2970.901278609537
1065,21151,34601.26432903432
1066,21153,4189.616903809511
1067,21155,7118.701980151462
1068,21157,10746.091422945452
1069,21159,3804.889574302497
1070,21161,6180.502444523503
1071,21163,9118.037535013318
1072,21165,2209.2571296384017
1073,21167,8832.86298545827
1074,21169,3189.6077825285843
1075,21171,4084.7082277038003
1076,21173,10180.242493641948
1077,21175,5035.424060023852
1078,21177,12783.497955807583
1079,21179,21726.60271371938
1080,21181,2273.9391479768365
1081,21183,7772.135122052908
1082,21185,21075.16671019577
1083,21187,2559.042058388703
1084,21189,1688.4181923260553
1085,21191,4350.816316435868
1086,21193,15043.613249602095
1087,21195,22045.38965396889
1088,21197,5966.755963244987
1089,21199,19744.21419223253
1090,21201,817.9397000813416
1091,21203,6272.842886252155
1092,21205,8498.68738237234
1093,21207,6372.383778318286
1094,21209,24126.69796924272
1095,21211,15159.598819913512
1096,21213,6367.812670714828
1097,21215,5264.652707034668
1098,21217,12162.156607395562
1099,21219,3257.2384213946907
1100,21221,5695.882528694397
1101,21223,2293.612823749525
1102,21225,5050.582331617431
1103,21227,46350.9906539213
1104,21229,5369.091625996114
1105,21231,7379.843141584412
1106,21233,5009.659441099702
1107,21235,12788.075864107182
1108,21237,3681.5191529381254
1109,21239,8076.618765129499
1110,22001,15764.311346206914
1111,22003,10428.652370014226
1112,22005,41996.88840595334
1113,22007,7056.405116808559
1114,22009,15470.078508912035
1115,22011,13608.587902089792
1116,22013,4313.488876778731
1117,22015,45892.74811321256
1118,22017,78083.60380467903
1119,22019,66841.08570186631
1120,22021,3701.9151046685274
1121,22023,1136.1015711183857
1122,22025,3055.5021107274047
1123,22027,4361.353280299151
1124,22029,5972.379151029765
1125,22031,9876.634959465
1126,22033,119058.9965240713
1127,22035,3276.240025728711
1128,22037,8709.73669000538
1129,22039,10327.044200282515
1130,22041,9800.35896130798
1131,22043,6529.527206306698
1132,22045,19658.642666299096
1133,22047,12160.694483331037
1134,22049,5175.96249280948
1135,22051,145247.64042357364
1136,22053,8207.931900905041
1137,22055,82320.15077582172
1138,22057,34486.94110092652
1139,22059,5218.709662763469
1140,22061,13743.60576488022
1141,22063,37764.91557341277
1142,22065,3344.2767223632386
1143,22067,8958.839887553017
1144,22069,10247.400215244286
1145,22071,83715.84311192024
1146,22073,63363.42204275195
1147,22075,7597.010253841222
1148,22077,7102.40469837501
1149,22079,35822.64354817279
1150,22081,2866.0821809426434
1151,22083,9394.097589846733
1152,22085,7553.358859705819
1153,22087,12140.021129659563
1154,22089,12995.288935922079
1155,22091,2525.530511512035
1156,22093,5031.057721070596
1157,22095,13250.744489811917
1158,22097,25247.35225910867
1159,22099,14813.026596620553
1160,22101,12282.3526493607
1161,22103,84190.82493376534
1162,22105,46959.90039436419
1163,22107,1121.770006717291
1164,22109,42442.82209492088
1165,22111,8053.671952788719
1166,22113,16048.085616720793
1167,22115,9889.555628859418
1168,22117,17276.962126680624
1169,22119,12139.604999103256
1170,22121,7342.988069968852
1171,22123,4100.720152115876
1172,22125,2694.241519512512
1173,22127,5559.5546622181455
1174,23001,28046.32932010839
1175,23003,18029.635889773752
1176,23005,62818.23931835037
1177,23007,6514.309248598472
1178,23009,9500.67395522057
1179,23011,28248.696195006574
1180,23013,7578.235036262485
1181,23015,6689.049002977628
1182,23017,11919.768007921079
1183,23019,31534.04678045834
1184,23021,3773.868046142911
1185,23023,6228.466659085468
1186,23025,12542.059351520184
1187,23027,7599.72722948177
1188,23029,4782.411268909246
1189,23031,44999.79218224557
1190,24001,19784.876611647036
1191,24003,119266.31473981713
1192,24005,149593.55552435172
1193,24009,15318.51969295728
1194,24011,6723.550141522525
1195,24013,23704.537235887627
1196,24015,18124.539894268164
1197,24017,41485.51727926283
1198,24019,10576.239738068076
1199,24021,56972.037288756444
1200,24023,6986.885384327123
1201,24025,53994.83124380124
1202,24027,63413.83494697073
1203,24029,2987.302860079367
1204,24031,216884.04471477942
1205,24033,205379.33845011087
1206,24035,7668.044601776492
1207,24037,24690.09675320291
1208,24039,5982.253749310899
1209,24041,5811.219049709969
1210,24043,37273.85175691391
1211,24045,22004.411935781838
1212,24047,8250.142204053249
1213,24510,143943.319690897
1214,25001,49227.52864349582
1215,25003,37609.45354597656
1216,25005,173733.58039172867
1217,25009,221297.1210266683
1218,25011,12295.434760901962
1219,25013,131006.12760046448
1220,25015,39217.26568651104
1221,25017,413404.5943905369
1222,25021,170943.8130009034
1223,25023,139475.2178145222
1224,25025,280078.2392425027
1225,25027,193609.66590033425
1226,26001,1878.7673369526317
1227,26003,2159.1155136838183
1228,26005,31237.76963135995
1229,26007,5817.785821805248
1230,26009,5069.165474247721
1231,26011,3862.4367361990394
1232,26013,2417.566336067566
1233,26015,18154.90859185684
1234,26017,29889.774800235977
1235,26019,3807.06181413558
1236,26021,40679.76601686692
1237,26023,11324.170615467621
1238,26025,37725.57198748676
1239,26027,11189.223622173693
1240,26029,6278.291190244819
1241,26031,5304.287468950507
1242,26033,8342.286327629212
1243,26035,8441.824919247521
1244,26037,31535.965526740485
1245,26039,3790.372476032628
1246,26041,10619.781002253701
1247,26043,7172.360883694427
1248,26045,31087.490816230933
1249,26047,6214.309329533925
1250,26049,132906.40999838265
1251,26051,7071.425467362383
1252,26053,5095.3252212543175
1253,26055,19961.92400496361
1254,26057,11768.522201949436
1255,26059,9576.972028852359
1256,26061,9379.157283497616
1257,26063,8666.914224748049
1258,26065,85453.96553383426
1259,26067,19063.81526650694
1260,26069,4804.025506055219
1261,26071,3191.98362552734
1262,26073,15013.302677790178
1263,26075,49632.31266982368
1264,26077,76160.41651338252
1265,26079,4130.7911440529315
1266,26081,248586.70670654136
1267,26083,628.3741436161015
1268,26085,2352.864561745593
1269,26087,24574.390171110077
1270,26089,4609.990978684309
1271,26091,25350.752413963815
1272,26093,53511.14128865971
1273,26095,1410.8481878572106
1274,26097,3157.3125556916702
1275,26099,277442.60996899265
1276,26101,3903.5318529342417
1277,26103,15232.102416484518
1278,26105,7250.001680482285
1279,26107,9126.415047723467
1280,26109,5635.847399356205
1281,26111,22821.473152530845
1282,26113,3097.7136310967644
1283,26115,46221.408690904864
1284,26117,17701.33497185004
1285,26119,1756.254491164796
1286,26121,59850.42938123172
1287,26123,12406.21626509531
1288,26125,357893.8476890048
1289,26127,7668.270202093548
1290,26129,4351.559987291308
1291,26131,1282.8520624927676
1292,26133,4394.026269547752
1293,26135,1710.0479841927588
1294,26137,7130.297446025083
1295,26139,84010.99738156462
1296,26141,2371.0088346298235
1297,26143,6181.790409209948
1298,26145,61041.50587312784
1299,26147,41984.71555179966
1300,26149,13029.554914696299
1301,26151,10899.151889778406
1302,26153,1701.9403589616143
1303,26155,22998.65543183523
1304,26157,18354.436139409816
1305,26159,22144.455676913083
1306,26161,108279.9215016592
1307,26163,404470.83499627205
1308,26165,8419.181750614147
1309,27001,3663.7585087558964
1310,27003,105485.54549499566
1311,27005,9789.75613335876
1312,27007,14000.155256499764
1313,27009,14840.006208338758
1314,27011,1751.7859209033995
1315,27013,19521.06895024555
1316,27015,9174.268435338861
1317,27017,10757.335389312953
1318,27019,27140.334139740633
1319,27021,8320.570126256736
1320,27023,2758.9475849151872
1321,27025,16205.228483373403
1322,27027,23559.070207419536
1323,27029,2279.2223171674445
1324,27031,702.2456206122532
1325,27033,3498.548971290536
1326,27035,20176.687578822795
1327,27037,125548.2937040051
1328,27039,6048.344279138689
1329,27041,11673.782873651853
1330,27043,4615.779871992336
1331,27045,4871.040707340345
1332,27047,11183.274819706403
1333,27049,13965.371331124381
1334,27051,1509.5474259671207
1335,27053,429869.64952148194
1336,27055,5420.160985670444
1337,27057,5929.382577955144
1338,27059,10252.549820733615
1339,27061,12023.253632542532
1340,27063,2198.0266281045074
1341,27065,3483.5495606856457
1342,27067,16475.217912006516
1343,27069,1118.1930602909524
1344,27071,3441.9810431612177
1345,27073,1942.0007134747104
1346,27075,2377.0710926640313
1347,27077,812.9515915937654
1348,27079,7508.228042044799
1349,27081,1440.3500891971667
1350,27083,7374.855254372661
1351,27085,11199.703362133872
1352,27087,2101.249560702837
1353,27089,2562.865396573557
1354,27091,6526.6275810426405
1355,27093,6874.588316578267
1356,27095,8326.212804202149
1357,27097,9646.22568946092
1358,27099,12788.492450702572
1359,27101,2129.3579525657387
1360,27103,9677.738754967268
1361,27105,6973.7890208842955
1362,27107,2077.0435438161326
1363,27109,46036.029831129155
1364,27111,15324.4245813681
1365,27113,4159.838829969349
1366,27115,8620.026451574793
1367,27117,2565.3581848489744
1368,27119,11199.27409684169
1369,27121,3693.454317536478
1370,27123,161109.97227825955
1371,27125,1155.394140048765
1372,27127,4514.068975629547
1373,27129,4275.999758612318
1374,27131,19320.313740367586
1375,27133,2251.972566354125
1376,27135,4877.180213178411
1377,27137,52870.96305492841
1378,27139,37430.74630897949
1379,27141,32698.87796799785
1380,27143,4402.360666716403
1381,27145,52838.03257164616
1382,27147,9817.10414198573
1383,27149,3271.037142491614
1384,27151,2821.759648337201
1385,27153,9021.978294507993
1386,27155,944.1734667775607
1387,27157,6557.3469349081015
1388,27159,3868.030302023892
1389,27161,5517.576460726965
1390,27163,77835.93810649964
1391,27165,2812.6559912195103
1392,27167,2223.8808777870527
1393,27169,17532.73716690144
1394,27171,41725.58015560737
1395,27173,3220.054841000369
1396,28001,9141.658026808467
1397,28003,10171.735605880265
1398,28005,3951.4439408636913
1399,28007,6967.986437508939
1400,28009,3076.3562937508846
1401,28011,12337.525109560534
1402,28013,6040.928990116803
1403,28015,2980.6980825470378
1404,28017,6021.9045160343885
1405,28019,2573.503765584139
1406,28021,2472.083418818244
1407,28023,4157.498524032721
1408,28025,5460.883653500713
1409,28027,7857.030144669039
1410,28029,7595.2926037959905
1411,28031,8928.625131604796
1412,28033,57605.342373972395
1413,28035,24608.04792081475
1414,28037,2615.9606801717637
1415,28039,8091.093164739932
1416,28041,3012.5867108713237
1417,28043,5487.077774064534
1418,28045,13469.165421677255
1419,28047,54911.282685975195
1420,28049,53097.1863935632
1421,28051,4833.251436005114
1422,28053,2150.0796577727965
1423,28055,341.1145975907705
1424,28057,8360.045789114054
1425,28059,45708.96983546762
1426,28061,4950.0391923700945
1427,28063,1873.0273951477868
1428,28065,3575.6035459107584
1429,28067,25180.424857576156
1430,28069,2338.957052573948
1431,28071,20076.201760083437
1432,28073,22122.511687474045
1433,28075,21410.167561128455
1434,28077,3669.097080238461
1435,28079,6028.02223459463
1436,28081,29085.061070776355
1437,28083,8569.79135755794
1438,28085,8566.342817007115
1439,28087,22947.100570048176
1440,28089,28080.731887685488
1441,28091,7402.13969703271
1442,28093,9033.067258547848
1443,28095,13170.221905142276
1444,28097,3425.005838190238
1445,28099,11828.295440209055
1446,28101,7244.878480574194
1447,28103,3531.742919923194
1448,28105,14410.384694145923
1449,28107,13444.133721471388
1450,28109,17478.45257491646
1451,28111,3323.287021382957
1452,28113,10960.029581670937
1453,28115,12324.525616227225
1454,28117,9322.434973907653
1455,28119,1787.8629176577215
1456,28121,50546.920125476085
1457,28123,7289.805637812952
1458,28125,1148.4843141359268
1459,28127,9775.924613298823
1460,28129,4122.921417294793
1461,28131,7173.817110236184
1462,28133,8362.00548960743
1463,28135,3963.6302896066713
1464,28137,8223.26261355072
1465,28139,11214.041681123505
1466,28141,8192.80156222728
1467,28143,2255.482839031113
1468,28145,9318.04192493918
1469,28147,4778.800165379154
1470,28149,11827.009952175169
1471,28151,11432.20523066489
1472,28153,7683.006261956434
1473,28155,4324.235871727739
1474,28157,1614.69103197315
1475,28159,6062.732497300086
1476,28161,4775.376974393408
1477,28163,10347.680944904816
1478,29001,6227.037686638495
1479,29003,4877.385026197282
1480,29005,1647.368271505352
1481,29007,5783.95850684942
1482,29009,8817.80197864895
1483,29011,3601.218749382305
1484,29013,4298.931516910073
1485,29015,4937.199906145423
1486,29017,2523.8021705978194
1487,29019,56828.21475101217
1488,29021,25351.36145206168
1489,29023,12811.267194297043
1490,29025,2149.831046832531
1491,29027,11766.56922792186
1492,29029,10840.364193259711
1493,29031,23677.345482941484
1494,29033,2618.557328331331
1495,29035,1797.9193834972878
1496,29037,23441.91411861736
1497,29039,3593.8913871424993
1498,29041,1633.2740102430853
1499,29043,24309.485809866597
1500,29045,1929.650637290061
1501,29047,32396.987463333353
1502,29049,5423.763488094657
1503,29051,19461.41236632741
1504,29053,4276.415659117115
1505,29055,5366.738864867394
1506,29057,1456.3077212520427
1507,29059,4914.133151017045
1508,29061,2062.7443923845412
1509,29063,2445.7407959910706
1510,29065,3892.5818721459596
1511,29067,2671.0919824601947
1512,29069,8336.182225650802
1513,29071,27546.44269263657
1514,29073,3316.4132342259672
1515,29075,2059.5581508246914
1516,29077,87913.43027639072
1517,29079,3287.038525932855
1518,29081,1967.2999260653603
1519,29083,6598.049860138763
1520,29085,1876.117312882109
1521,29087,1178.5921078526712
1522,29089,3097.2385301407703
1523,29091,9194.878937611495
1524,29093,2559.668084657902
1525,29095,119471.98418611637
1526,29097,34770.38928863111
1527,29099,54275.35659125591
1528,29101,12738.48889357371
1529,29103,954.8601733135033
1530,29105,8928.039540852167
1531,29107,8870.837675750608
1532,29109,10829.608892272752
1533,29111,3208.059117358244
1534,29113,15669.736965904853
1535,29115,2625.185700622104
1536,29117,3896.226423418231
1537,29119,5122.279668313128
1538,29121,3745.357288204167
1539,29123,3560.2720774565905
1540,29125,1653.610364462974
1541,29127,9842.804056938701
1542,29129,768.8655259131219
1543,29131,6618.610612569573
1544,29133,4413.255030255392
1545,29135,4044.2680812079475
1546,29137,2601.342478736897
1547,29139,3179.5531913565237
1548,29141,4059.932472257201
1549,29143,4856.653803750681
1550,29145,12558.399458569778
1551,29147,7666.925428098272
1552,29149,2609.9807957653347
1553,29151,3680.6672227675676
1554,29153,1888.4056340829989
1555,29155,3983.4831553530657
1556,29157,5846.74347609596
1557,29159,15643.004430155146
1558,29161,11254.252086433267
1559,29163,5118.714795672093
1560,29165,12764.637957783223
1561,29167,9141.741400342296
1562,29169,9077.717317018718
1563,29171,1081.0822462521458
1564,29173,3010.0591130051603
1565,29175,7161.350562646815
1566,29177,5387.09106993554
1567,29179,1185.5574837182442
1568,29181,3086.7845273342828
1569,29183,120372.56344887552
1570,29185,2222.612841252724
1571,29186,4393.488666548637
1572,29187,25679.2916357155
1573,29189,271223.32356131007
1574,29195,7319.116285242883
1575,29197,830.1876809384994
1576,29199,792.9908925951669
1577,29201,12108.118543859167
1578,29203,1740.3607411356136
1579,29205,1881.067480945686
1580,29207,6419.703595094123
1581,29209,5913.401211292944
1582,29211,2025.4266777876048
1583,29213,15549.2690955215
1584,29215,5419.424802016279
1585,29217,5863.062987146506
1586,29219,7364.486426780468
1587,29221,5762.437090524749
1588,29223,3016.3654155946842
1589,29225,10400.35905021258
1590,29227,564.7275953906295
1591,29229,3988.697103857223
1592,29510,60115.7102577941
1593,30001,2753.1401328655343
1594,30003,4840.0487368706345
1595,30005,2548.6764858990036
1596,30007,1685.5646656446997
1597,30009,2340.3037417043665
1598,30011,294.1195429979664
1599,30013,33219.804493161806
1600,30015,1230.3661839470662
1601,30017,2651.7359323688256
1602,30019,313.14013569310146
1603,30021,3004.010413501532
1604,30023,2801.0705752175577
1605,30025,753.5657082620598
1606,30027,2583.6344548388356
1607,30029,37462.69982934309
1608,30031,35242.33225812999
1609,30033,276.0025232291579
1610,30035,4488.423478547746
1611,30037,150.928076561128
1612,30039,711.1775591553805
1613,30041,5365.821043717244
1614,30043,3276.326011476316
1615,30045,255.63599085863794
1616,30047,7865.950144987639
1617,30049,21022.410572750414
1618,30051,498.9550999433694
1619,30053,4985.5723315159785
1620,30055,346.9264750196096
1621,30057,2275.1525762615456
1622,30059,579.8727642577892
1623,30061,1309.6356232019311
1624,30063,30865.930437079583
1625,30065,1136.3201389313106
1626,30067,5245.617559397963
1627,30069,42.55105661372317
1628,30071,1151.2345132180692
1629,30073,1599.3935597227774
1630,30075,351.5465786297001
1631,30077,1989.2263347374535
1632,30079,303.42930427334176
1633,30081,7618.9531571018815
1634,30083,2841.512898027957
1635,30085,3057.386839416279
1636,30087,2954.8774715694767
1637,30089,2500.0519377575356
1638,30091,1032.1331597185317
1639,30093,9204.95902915725
1640,30095,1477.7238703392181
1641,30097,961.965061241295
1642,30099,1297.9602733884703
1643,30101,1265.8358148858554
1644,30103,158.78405819186509
1645,30105,2000.8137353591708
1646,30107,438.7723220065765
1647,30109,235.91009609707137
1648,30111,41793.49163059679
1649,31001,6549.940435111156
1650,31003,1277.3597754793707
1651,31005,29.368135155639013
1652,31007,107.67726608293356
1653,31009,75.6109157850465
1654,31011,1206.9089996333876
1655,31013,2496.731805820281
1656,31015,424.8664045331494
1657,31017,596.6136078498682
1658,31019,12623.909062890692
1659,31021,1609.8776411605954
1660,31023,1774.8440875223312
1661,31025,6132.404115008838
1662,31027,1765.379964703029
1663,31029,872.0250159274351
1664,31031,595.1277646110826
1665,31033,2317.5158267326838
1666,31035,1433.2253787189152
1667,31037,2767.5423430275687
1668,31039,1577.6056152294782
1669,31041,1851.856233005101
1670,31043,7329.397858251797
1671,31045,1340.3827417760317
1672,31047,5598.9116651357135
1673,31049,288.47062640864203
1674,31051,1213.6270096709607
1675,31053,11169.874562491135
1676,31055,132977.99158387302
1677,31057,336.9221149076416
1678,31059,1319.6957383039394
1679,31061,510.638160145237
1680,31063,653.5732695324598
1681,31065,1127.3487052101148
1682,31067,4211.786789775188
1683,31069,397.12818046086096
1684,31071,404.3830562341886
1685,31073,349.4029541383909
1686,31075,110.7834406016889
1687,31077,348.2441974116587
1688,31079,18330.774712556977
1689,31081,2633.062747702863
1690,31083,398.3035046487906
1691,31085,113.04724501082293
1692,31087,657.8072908228069
1693,31089,2616.7909789147157
1694,31091,122.0937655715557
1695,31093,1226.8730463724237
1696,31095,1068.5683162410464
1697,31097,924.9418684441084
1698,31099,1321.8966757443902
1699,31101,1669.4059623623818
1700,31103,108.85041201272523
1701,31105,884.5845186818528
1702,31107,1718.3776369567706
1703,31109,91921.43068774127
1704,31111,11353.85626048543
1705,31113,174.7365034329862
1706,31115,81.92473837452023
1707,31117,76.67066538529824
1708,31119,10662.492903245025
1709,31121,1767.9889821863746
1710,31123,1281.59530177876
1711,31125,864.7070539503097
1712,31127,1276.1575809955439
1713,31129,875.3100770581491
1714,31131,3600.562777793124
1715,31133,469.1839632154014
1716,31135,573.1383667729535
1717,31137,2839.1423003325676
1718,31139,1140.9632782351503
1719,31141,10935.983777914264
1720,31143,1197.1198951225092
1721,31145,2588.3900669676987
1722,31147,1712.4696025634441
1723,31149,181.33485685900015
1724,31151,4416.760218407572
1725,31153,55367.23013339086
1726,31155,4892.212913380036
1727,31157,8693.750025901441
1728,31159,3707.9749923207423
1729,31161,1062.4915523077802
1730,31163,562.3580443011042
1731,31165,83.73277514013344
1732,31167,715.7140530101851
1733,31169,1319.4206057327683
1734,31171,105.56089894116599
1735,31173,2051.9402266746947
1736,31175,845.0135658499111
1737,31177,5131.344939120794
1738,31179,1855.5342006811609
1739,31181,762.3617590502699
1740,31183,138.4807911260995
1741,31185,4435.552235396808
1742,32001,7164.198941832417
1743,32003,496583.13279004616
1744,32005,8816.698735449665
1745,32007,12876.943525596178
1746,32009,134.24792453446025
1747,32011,190.01053160923036
1748,32013,2742.279830144021
1749,32015,1445.8109295148759
1750,32017,659.2942017541171
1751,32019,11562.420327664642
1752,32021,1310.948863121184
1753,32023,10319.975951516602
1754,32027,2729.3752956314174
1755,32029,163.9300996620957
1756,32031,114526.37025645692
1757,32033,1746.1314351957087
1758,32510,16005.422171003085
1759,33001,15419.44532012618
1760,33003,11526.047093748517
1761,33005,17085.163180654723
1762,33007,8351.511176494263
1763,33009,20859.843940352963
1764,33011,113192.28230478324
1765,33013,38981.35530220717
1766,33015,78740.47164992144
1767,33017,30695.43469860622
1768,33019,11702.590652626319
1769,34001,77377.98216301993
1770,34003,317861.8651605297
1771,34005,145250.0464856995
1772,34007,183730.35255565087
1773,34009,23437.614849350055
1774,34011,43445.932228186386
1775,34013,330146.6083432991
1776,34015,85244.49555094044
1777,34017,245278.85500992488
1778,34019,32647.35409016335
1779,34021,95520.36075374665
1780,34023,240802.89310907756
1781,34025,186249.48582623855
1782,34027,148440.36296644105
1783,34029,200123.67637960616
1784,34031,172668.3835924653
1785,34033,16432.85736559312
1786,34035,85460.18127847386
1787,34037,42340.00924032054
1788,34039,158657.1982025013
1789,34041,30254.81578016159
1790,35001,154904.97670254012
1791,35003,386.0861064204674
1792,35005,21696.649629951073
1793,35006,8228.941988120241
1794,35007,2566.0149067007746
1795,35009,12843.195550393293
1796,35011,575.4758871274189
1797,35013,81971.12589263641
1798,35015,17502.538444395603
1799,35017,7632.189328586256
1800,35019,1241.605817800415
1801,35021,102.62247457652529
1802,35023,1057.3641253792025
1803,35025,21355.966870864795
1804,35027,6659.001010048588
1805,35028,4077.0884791907124
1806,35029,7446.953602033736
1807,35031,27481.59983287049
1808,35033,1002.5949553239157
1809,35035,16350.84799482828
1810,35037,2487.90362980772
1811,35039,10441.481217377008
1812,35041,6086.667059269896
1813,35043,37438.33210494477
1814,35045,44661.331186641684
1815,35047,8417.51214876991
1816,35049,45591.445954215626
1817,35051,2293.078962480984
1818,35053,4368.88853688746
1819,35055,6301.555746881165
1820,35057,3580.7963210969856
1821,35059,742.1713262637289
1822,35061,23045.65784062107
1823,36001,79785.69123306796
1824,36003,9269.791309255645
1825,36005,444514.51316070487
1826,36007,48552.80030693908
1827,36009,15862.167968666601
1828,36011,19481.84658377884
1829,36013,26805.110652101514
1830,36015,25313.636336380903
1831,36017,10912.386902652179
1832,36019,20383.868805451864
1833,36021,10729.7893108551
1834,36023,13876.576579036577
1835,36025,11114.304867116633
1836,36027,88175.74009730983
1837,36029,268370.20808891783
1838,36031,6491.091940317872
1839,36033,12370.817007402193
1840,36035,16498.064945353148
1841,36037,15652.630448223643
1842,36039,10678.239241593452
1843,36041,1002.7514193319519
1844,36043,15629.534800157908
1845,36045,18457.764426840382
1846,36047,724236.334932735
1847,36049,6409.05857703563
1848,36051,12747.40783687367
1849,36053,13314.635831884741
1850,36055,174043.28482700983
1851,36057,12894.387774949633
1852,36059,468776.4934656584
1853,36061,503794.3253547919
1854,36063,57363.91286244225
1855,36065,71166.12441564225
1856,36067,147727.48377028556
1857,36069,26621.92901059497
1858,36071,128368.14736062108
1859,36073,9313.094671353392
1860,36075,34275.09068128161
1861,36077,11732.78892076388
1862,36079,29057.807824380776
1863,36081,742643.0369352384
1864,36083,33767.305456489245
1865,36085,215839.9164749939
1866,36087,99005.29098475861
1867,36089,26039.37819344409
1868,36091,57496.48780144649
1869,36093,32597.563867949902
1870,36095,6303.778816419258
1871,36097,3825.538439116336
1872,36099,7066.84952090011
1873,36101,25695.168057449544
1874,36103,561940.9249345349
1875,36105,22517.226231484445
1876,36107,11852.003963122897
1877,36109,26311.620319303165
1878,36111,39741.959656496474
1879,36113,19491.471218218947
1880,36115,14953.734844122891
1881,36117,18242.968999464632
1882,36119,324673.9435933462
1883,36121,10237.501115078576
1884,36123,3871.6605102227218
1885,37001,61874.51938215744
1886,37003,13078.84747875695
1887,37005,3777.207926478733
1888,37007,9013.213203280864
1889,37009,6339.647239404121
1890,37011,5081.468214539418
1891,37013,15325.309509939805
1892,37015,4761.807675608504
1893,37017,10382.912351125287
1894,37019,38981.592366700504
1895,37021,72167.97784866806
1896,37023,25508.487643345725
1897,37025,72671.89152967332
1898,37027,25639.456511280303
1899,37029,1988.9547648517591
1900,37031,16653.736647435642
1901,37033,6118.3620604807265
1902,37035,52806.20237693097
1903,37037,16768.77733729017
1904,37039,7031.774709437633
1905,37041,4626.210829189597
1906,37043,3334.412269728263
1907,37045,33071.39328109682
1908,37047,18656.42843685685
1909,37049,35174.53436781264
1910,37051,121019.44141007014
1911,37053,5341.583463207619
1912,37055,8965.876110224615
1913,37057,39970.20524236046
1914,37059,13882.08736857248
1915,37061,19251.88469022032
1916,37063,91299.1759868175
1917,37065,15074.79174935284
1918,37067,94387.10640706641
1919,37069,25146.7017584501
1920,37071,86454.15858250565
1921,37073,2103.382004170982
1922,37075,2569.081330666941
1923,37077,15964.153586098751
1924,37079,5533.880242695444
1925,37081,120491.78121979901
1926,37083,16110.518707116305
1927,37085,34403.47261243903
1928,37087,13815.856994778373
1929,37089,27163.998080400346
1930,37091,6335.283680673714
1931,37093,16104.833076348845
1932,37095,1640.3767658486088
1933,37097,60377.3420240149
1934,37099,11913.309072046579
1935,37101,68261.49598758841
1936,37103,2719.30473262569
1937,37105,21554.345695418448
1938,37107,16624.07113126608
1939,37109,36790.4740094679
1940,37111,16645.809938466195
1941,37113,10278.176351641774
1942,37115,5404.7790387279065
1943,37117,7864.704092153133
1944,37119,351945.22186091624
1945,37121,4168.2948177006465
1946,37123,9241.37202285518
1947,37125,30312.44965468447
1948,37127,30359.92222785681
1949,37129,67159.14240260316
1950,37131,4987.619690667001
1951,37133,63729.4442049682
1952,37135,33469.797246044625
1953,37137,2967.9639195697664
1954,37139,10172.071137028244
1955,37141,14375.674672229012
1956,37143,3633.10404875264
1957,37145,10419.85774871513
1958,37147,59755.80166180191
1959,37149,4577.255523404882
1960,37151,43217.61976781601
1961,37153,18481.414754845777
1962,37155,46356.16600466166
1963,37157,26139.169509948788
1964,37159,49654.47891777988
1965,37161,18394.14466105222
1966,37163,21732.283004017467
1967,37165,12620.448692447902
1968,37167,22544.984031261887
1969,37169,14599.540924409119
1970,37171,30123.635373809215
1971,37173,4470.213280678287
1972,37175,8053.468160713982
1973,37177,994.0707668854067
1974,37179,69355.48016224976
1975,37181,16218.412266193916
1976,37183,335103.1776184937
1977,37185,5024.999756910963
1978,37187,3804.3938953831357
1979,37189,15505.214338405336
1980,37191,33590.73324454688
1981,37193,24403.982895124314
1982,37195,26182.91781956103
1983,37197,13642.790045730759
1984,37199,6631.429594728303
1985,38001,638.3865020333615
1986,38003,3251.787801950596
1987,38005,1879.1149830104318
1988,38007,164.89756708172072
1989,38009,1915.7045090133795
1990,38011,918.660850152821
1991,38013,489.07191362890313
1992,38015,41398.42941248986
1993,38017,76736.04313918267
1994,38019,980.0384839651002
1995,38021,1753.8749704755935
1996,38023,522.4579581207743
1997,38025,1139.858755843306
1998,38027,857.9506302474687
1999,38029,649.6603729744262
2000,38031,1146.0156495740407
2001,38033,426.4739263488168
2002,38035,27801.68944078112
2003,38037,491.3370681283338
2004,38039,687.6023460132741
2005,38041,933.3481456113074
2006,38043,534.4367269571547
2007,38045,954.9728239485203
2008,38047,594.5753678246055
2009,38049,1701.7741501729802
2010,38051,724.2697439338823
2011,38053,3120.777941876451
2012,38055,3385.2619563102144
2013,38057,2974.8842130313014
2014,38059,13015.462371126496
2015,38061,3478.034909714475
2016,38063,894.9014721112417
2017,38065,345.27712853527214
2018,38067,2171.860409650649
2019,38069,1143.0976318873481
2020,38071,4249.847354694497
2021,38073,1996.1383677226443
2022,38075,647.076015660016
2023,38077,5143.757585890214
2024,38079,7659.930393705876
2025,38081,932.6216338447884
2026,38083,281.7056689116255
2027,38085,1313.8704824959286
2028,38087,58.83492182524828
2029,38089,14352.681867937994
2030,38091,371.3254718484075
2031,38093,7816.688863656528
2032,38095,771.2292189409039
2033,38097,2101.9256787041795
2034,38099,4785.610785018022
2035,38101,23610.84518552257
2036,38103,1234.3346423237278
2037,38105,12231.417041039284
2038,39001,6907.617345421029
2039,39003,27372.130904226397
2040,39005,13950.580477911695
2041,39007,21327.19301666367
2042,39009,17306.436327647687
2043,39011,13216.181670365984
2044,39013,19666.814847991536
2045,39015,14225.574133669068
2046,39017,114912.65696134394
2047,39019,4997.939862696791
2048,39021,8741.994444333362
2049,39023,38173.793117484616
2050,39025,50306.14950558111
2051,39027,11140.095907253411
2052,39029,26157.536272210597
2053,39031,10911.969826273818
2054,39033,12573.197343898666
2055,39035,369161.427056863
2056,39037,12995.295853933383
2057,39039,13126.177081715286
2058,39041,53145.53812394147
2059,39043,23546.877507094046
2060,39045,53210.46716346488
2061,39047,10215.22198316128
2062,39049,420214.2336942136
2063,39051,13698.84380652069
2064,39053,9084.73384777686
2065,39055,17765.19428350437
2066,39057,43341.44962120681
2067,39059,13454.884281264498
2068,39061,196350.86323682696
2069,39063,20560.36282916579
2070,39065,5549.021573790416
2071,39067,4203.956065891948
2072,39069,7726.190675769812
2073,39071,11586.585345375897
2074,39073,8024.564076573131
2075,39075,6078.7972482647765
2076,39077,16343.815873580528
2077,39079,7525.068815369906
2078,39081,17589.571630858518
2079,39083,14383.735832157254
2080,39085,62977.80109523073
2081,39087,22100.804003313817
2082,39089,49816.029497160125
2083,39091,13236.879958268992
2084,39093,78189.60588856044
2085,39095,145723.32232042702
2086,39097,9801.591952433908
2087,39099,65505.46113817377
2088,39101,22706.536272841615
2089,39103,50444.29999506816
2090,39105,6233.15269550616
2091,39107,12099.002903124785
2092,39109,29666.451724913284
2093,39111,3401.6349748687567
2094,39113,113318.67908765953
2095,39115,3757.0407389440957
2096,39117,8939.35084832206
2097,39119,32023.183521844483
2098,39121,3189.787606353007
2099,39123,7156.504931585837
2100,39125,5592.30712901164
2101,39127,9198.96564744406
2102,39129,20544.603332254577
2103,39131,8938.306457779863
2104,39133,42243.42382147967
2105,39135,10913.81798095695
2106,39137,8675.032391933444
2107,39139,35841.41288053899
2108,39141,23876.959901378366
2109,39143,17184.78906434877
2110,39145,24674.285290788353
2111,39147,14726.557248298097
2112,39149,11838.222076926473
2113,39151,87539.16555160136
2114,39153,141012.06907786062
2115,39155,46215.77286552572
2116,39157,27585.63359409145
2117,39159,19626.027087189057
2118,39161,7150.328303455583
2119,39163,3417.1812015804903
2120,39165,62679.03351171929
2121,39167,15067.859106356158
2122,39169,29190.20556806661
2123,39171,10266.738476342458
2124,39173,33019.04090765939
2125,39175,5820.9252820922
2126,40001,9586.64800928003
2127,40003,1960.2837168453807
2128,40005,4742.886956529211
2129,40007,1086.2235776703703
2130,40009,7005.904150137603
2131,40011,2511.886518778152
2132,40013,16693.070985935487
2133,40015,9301.41100633875
2134,40017,46096.32330553932
2135,40019,16991.554731940003
2136,40021,15876.154031469327
2137,40023,4830.174299091175
2138,40025,713.6257185210593
2139,40027,102460.92412423111
2140,40029,1896.467498363148
2141,40031,38526.17780526118
2142,40033,1839.8270362004498
2143,40035,5188.545626594775
2144,40037,19721.116240684365
2145,40039,9293.40833506907
2146,40041,12357.822173157212
2147,40043,1257.0925459977343
2148,40045,924.3247798983753
2149,40047,15988.90656072348
2150,40049,7253.960434404744
2151,40051,15135.740073408493
2152,40053,1132.5160485970734
2153,40055,1493.9986926629772
2154,40057,611.3560023150192
2155,40059,807.2860100969473
2156,40061,3294.541080246995
2157,40063,2665.7456572371702
2158,40065,8380.579584966294
2159,40067,1747.1864785841462
2160,40069,3921.8739108100476
2161,40071,14900.021627175323
2162,40073,4029.1633871540257
2163,40075,2311.9478572708867
2164,40077,2574.9006020021193
2165,40079,15379.975274802084
2166,40081,10058.255331197775
2167,40083,13799.382007673203
2168,40085,3275.789605263359
2169,40087,13197.651987247817
2170,40089,8797.270933265638
2171,40091,5615.355250138028
2172,40093,3301.3795195500834
2173,40095,5377.756527378074
2174,40097,11518.284221996051
2175,40099,5528.836820610866
2176,40101,26668.889661738245
2177,40103,3679.033595323835
2178,40105,3097.309594365362
2179,40107,3669.7223740336076
2180,40109,232476.5864562507
2181,40111,12103.155302100835
2182,40113,12653.338030434083
2183,40115,9135.447549292443
2184,40117,5935.566941087672
2185,40119,21380.607431788063
2186,40121,11590.21971056178
2187,40123,12886.212163546239
2188,40125,24919.911150539578
2189,40127,3124.571224813141
2190,40129,906.3442836924115
2191,40131,28521.18661599375
2192,40133,7689.133191599982
2193,40135,12433.133452441816
2194,40137,11730.3892969295
2195,40139,6335.53740437955
2196,40141,1648.0556953535565
2197,40143,202116.66131280735
2198,40145,27439.076522322466
2199,40147,14987.897757722498
2200,40149,3240.3946047507297
2201,40151,2485.343560475786
2202,40153,5894.596462713542
2203,41001,3399.686420379449
2204,41003,24418.046599947647
2205,41005,74820.10944302042
2206,41007,6143.551103110623
2207,41009,9300.241832219934
2208,41011,10688.619146350995
2209,41013,8205.020761416134
2210,41015,4340.067279424328
2211,41017,49876.117241616164
2212,41019,23323.219424295698
2213,41021,309.8158214341291
2214,41023,2346.691982074506
2215,41025,1905.551882152336
2216,41027,3768.3283279209036
2217,41029,43318.24042008215
2218,41031,7857.725011259387
2219,41033,20392.288061570824
2220,41035,13909.03378344301
2221,41037,1576.1569642253962
2222,41039,70009.860698136
2223,41041,8983.475048061802
2224,41043,29447.49134307079
2225,41045,8392.692545412272
2226,41047,69433.1665174364
2227,41049,3131.86648733019
2228,41051,162670.04516893503
2229,41053,17784.041681431976
2230,41055,333.898645646039
2231,41057,5044.482989845366
2232,41059,26993.507593043058
2233,41061,5591.307863862838
2234,41063,1349.7402485861933
2235,41065,6253.774034097597
2236,41067,113326.01973437188
2237,41069,263.97307717053724
2238,41071,23991.597087480317
2239,42001,29360.963657317996
2240,42003,312784.58107662067
2241,42005,18588.13136065307
2242,42007,44851.3405968429
2243,42009,13523.804029136845
2244,42011,124521.1143869645
2245,42013,33604.69143468543
2246,42015,21337.72130026371
2247,42017,127523.5107588603
2248,42019,48131.17885293658
2249,42021,36069.00567397239
2250,42023,882.6063381594039
2251,42025,19005.36127884004
2252,42027,33029.603211831796
2253,42029,101781.45847922188
2254,42031,9272.409628769063
2255,42033,22457.222870106
2256,42035,9392.683957565276
2257,42037,20448.00549375484
2258,42039,26388.737012243873
2259,42041,55681.61735557903
2260,42043,73592.34597168014
2261,42045,139704.2986047603
2262,42047,8705.066260780419
2263,42049,68111.59221641788
2264,42051,43273.206336242256
2265,42053,2968.037266276857
2266,42055,48225.04096301568
2267,42057,4644.509929293673
2268,42059,9000.634849498836
2269,42061,14764.093880701143
2270,42063,23182.206168808512
2271,42065,9361.786526585229
2272,42067,5183.991816898402
2273,42069,51614.000755378154
2274,42071,158955.64682638578
2275,42073,19890.93836916007
2276,42075,43039.56995480734
2277,42077,94359.80035866104
2278,42079,73502.90409694774
2279,42081,30831.651376752627
2280,42083,8252.563305804653
2281,42085,21688.54206760179
2282,42087,14307.500320908744
2283,42089,42481.404331658574
2284,42091,185824.21162214948
2285,42093,5576.91095688138
2286,42095,97795.92171313762
2287,42097,23350.45845680156
2288,42099,10972.665208032668
2289,42101,359161.8457226527
2290,42103,13208.52882436332
2291,42105,3390.4730894740087
2292,42107,40539.09397040588
2293,42109,8666.826745476372
2294,42111,21178.669482507943
2295,42113,1096.5129576703862
2296,42115,8938.586821985715
2297,42117,8455.330358170017
2298,42119,13144.312821682235
2299,42121,12061.947483458232
2300,42123,9118.914105054222
2301,42125,56965.0996873134
2302,42127,11847.043262261046
2303,42129,105872.68637371455
2304,42131,5339.77529919469
2305,42133,133018.4568512037
2306,44001,15491.546015517359
2307,44003,55243.00778918709
2308,44005,28769.808908908286
2309,44007,207885.4584276106
2310,44009,38928.212381621
2311,45001,7593.893062748246
2312,45003,52365.89526662882
2313,45005,2499.7790399626283
2314,45007,61083.73187817527
2315,45009,3594.4820315841134
2316,45011,5556.327778017917
2317,45013,55601.385898222274
2318,45015,69236.42658150742
2319,45017,2919.487242250474
2320,45019,142994.77055322038
2321,45021,17966.029709714596
2322,45023,11544.616221649243
2323,45025,11485.53005692429
2324,45027,12007.772831471328
2325,45029,10826.093618866116
2326,45031,21190.04941766289
2327,45033,10383.136753861427
2328,45035,65852.22519718461
2329,45037,7571.475276886056
2330,45039,7637.0187181906
2331,45041,51105.680638931946
2332,45043,16123.956341443796
2333,45045,188890.10485766246
2334,45047,25758.388453560478
2335,45049,5999.9155704646555
2336,45051,107328.10462053887
2337,45053,7008.146699732553
2338,45055,28026.837218812427
2339,45057,30619.846177979478
2340,45059,23235.49397407956
2341,45061,5029.3888508169575
2342,45063,132579.5359595191
2343,45065,2348.1794626034093
2344,45067,8894.43503471608
2345,45069,10033.73010534763
2346,45071,14208.454647880706
2347,45073,27747.38249816937
2348,45075,28029.010508740528
2349,45077,52533.26448907858
2350,45079,134294.93002421275
2351,45081,3953.524379320881
2352,45083,81052.22033278533
2353,45085,32644.314094073805
2354,45087,8772.440653760548
2355,45089,11106.876280715891
2356,45091,73106.70885823725
2357,46003,927.2406305416008
2358,46005,4483.264154512692
2359,46007,821.3873099780923
2360,46009,2265.5031265044595
2361,46011,8301.062900625524
2362,46013,10800.181150539674
2363,46015,1470.4198849848663
2364,46017,608.576331953419
2365,46019,3266.5861517686653
2366,46021,276.82266911844766
2367,46023,3420.1517795598015
2368,46025,857.541685217489
2369,46027,3832.257094419353
2370,46029,10986.916713415292
2371,46031,977.9416207682186
2372,46033,2213.6094881615254
2373,46035,6568.279144390051
2374,46037,1580.0496734993392
2375,46039,1161.4964256565636
2376,46041,3004.358290203586
2377,46043,908.894706847344
2378,46045,1119.8276148274665
2379,46047,2437.3936181887407
2380,46049,627.756700898891
2381,46051,2472.5591629134306
2382,46053,1050.7247861110452
2383,46055,512.2580446819072
2384,46057,1739.1067077424577
2385,46059,629.1619546240025
2386,46061,814.7571251008521
2387,46063,209.18867671834172
2388,46065,4489.390572699783
2389,46067,1912.3890891684036
2390,46069,318.4993588301617
2391,46071,634.6902764647294
2392,46073,460.3279812260511
2393,46075,212.30494472274626
2394,46077,1249.2516541911814
2395,46079,2637.0666621638566
2396,46081,8564.655949780034
2397,46083,17506.98276401299
2398,46085,1350.0791565406155
2399,46087,1392.8947219800643
2400,46089,428.04067059921573
2401,46091,802.8841901154502
2402,46093,8903.94724335717
2403,46095,641.7767531026882
2404,46097,548.2298397844997
2405,46099,57941.034809581324
2406,46101,1956.4525106714907
2407,46103,35098.18705345638
2408,46105,901.3013664267204
2409,46107,764.05762793904
2410,46109,2356.5765200575506
2411,46111,592.4083534556158
2412,46115,1722.4379284193383
2413,46117,518.9721203432102
2414,46119,266.58644069112194
2415,46121,2981.567218794651
2416,46123,1387.5407561161621
2417,46125,2093.437838259328
2418,46127,4877.5992430672295
2419,46129,1758.8736100483595
2420,46135,5628.830912374941
2421,46137,785.1281236363336
2422,47001,23464.058413743955
2423,47003,17471.911667904067
2424,47005,4752.335878326842
2425,47007,4508.697846942895
2426,47009,48629.37131179249
2427,47011,41069.37171485566
2428,47013,15768.849437594321
2429,47015,4563.439127435409
2430,47017,9415.60513400625
2431,47019,19337.427211571558
2432,47021,11385.959720947369
2433,47023,6206.548412755718
2434,47025,11441.105846743892
2435,47027,2439.618141758974
2436,47029,11534.880844889352
2437,47031,20021.088353723444
2438,47033,6609.578275046693
2439,47035,20460.371034517884
2440,47037,230709.54161669643
2441,47039,3936.447064443597
2442,47041,5583.89173640832
2443,47043,13308.642137020732
2444,47045,14459.151451292599
2445,47047,11690.430407885107
2446,47049,6650.591036931784
2447,47051,13328.100175374406
2448,47053,21289.084820202857
2449,47055,10794.80044981635
2450,47057,7604.042527998085
2451,47059,30827.626574651084
2452,47061,3711.7076672350804
2453,47063,21500.499865474798
2454,47065,87800.39281630993
2455,47067,2635.697683387026
2456,47069,7593.328648524752
2457,47071,9593.067227947391
2458,47073,21839.974702472773
2459,47075,6582.782051840906
2460,47077,9471.156473483445
2461,47079,9326.841224313985
2462,47081,7268.168033789302
2463,47083,3052.371277549717
2464,47085,6184.991557962241
2465,47087,4030.6438780099998
2466,47089,19196.3845668934
2467,47091,6925.689584013786
2468,47093,101101.05193233912
2469,47095,3179.5387174073217
2470,47097,8743.630798051445
2471,47099,16380.701473301166
2472,47101,4771.702444899532
2473,47103,9601.572503722979
2474,47105,15588.790568585599
2475,47107,18709.108779151957
2476,47109,8854.151230243948
2477,47111,9798.768973823278
2478,47113,33423.94962154328
2479,47115,11140.276632247918
2480,47117,10751.4737825788
2481,47119,31182.218326128786
2482,47121,4105.697825706577
2483,47123,14568.099667392606
2484,47125,50293.127791183666
2485,47127,2590.7463430982425
2486,47129,7020.96306893602
2487,47131,13115.973381560667
2488,47133,8671.72394513885
2489,47135,2979.7634214157893
2490,47137,1857.152928207858
2491,47139,4819.229368818264
2492,47141,30026.19219547872
2493,47143,9935.557739747934
2494,47145,19473.311370412557
2495,47147,25196.044985806064
2496,47149,87848.24236991236
2497,47151,11021.460213103257
2498,47153,4839.726088994484
2499,47155,39649.77449989933
2500,47157,280336.2995877632
2501,47159,5778.979247598825
2502,47161,3408.2204880644085
2503,47163,53029.55784464898
2504,47165,56949.446852211586
2505,47167,20230.925844079633
2506,47169,5616.523378054483
2507,47171,6233.9397345239195
2508,47173,5410.670098758779
2509,47175,2082.0830197588753
2510,47177,15995.359127509504
2511,47179,44647.355723125635
2512,47181,7181.071572596401
2513,47183,10629.652454694964
2514,47185,9925.770988292654
2515,47187,64493.7580450301
2516,47189,45246.542008443525
2517,48001,10576.387979002193
2518,48003,4984.917572207645
2519,48005,19758.10426228034
2520,48007,4294.194846378161
2521,48009,2155.38520271998
2522,48011,612.1214994768928
2523,48013,14912.598428792759
2524,48015,7555.240506275014
2525,48017,1769.0207101169651
2526,48019,3809.3732780896203
2527,48021,26216.700445064962
2528,48023,979.472009993046
2529,48025,10032.382457371199
2530,48027,75337.82102729444
2531,48029,617621.835158596
2532,48031,2969.1036654208006
2533,48033,77.71056107892537
2534,48035,5197.261594217358
2535,48037,25410.438412710962
2536,48039,104710.62378050298
2537,48041,75354.5969588872
2538,48043,1235.4968378011504
2539,48045,461.4063302272503
2540,48047,2148.742168779998
2541,48049,14705.023563891067
2542,48051,5549.49899475347
2543,48053,12241.37525968013
2544,48055,20246.064707307705
2545,48057,7685.152538435522
2546,48059,3479.101770257231
2547,48061,114300.48982576725
2548,48063,3446.9366100903735
2549,48065,1546.2354726166222
2550,48067,7529.4148045038355
2551,48069,2851.606363491991
2552,48071,12001.339772391651
2553,48073,7934.464503106493
2554,48075,2899.32343585614
2555,48077,2679.68900948044
2556,48079,1149.31429298815
2557,48081,905.5883315072529
2558,48083,1908.5161805262574
2559,48085,255958.56256756146
2560,48087,804.1900039286363
2561,48089,4764.885013972064
2562,48091,47471.20777773593
2563,48093,4201.751666194323
2564,48095,1127.9405291506266
2565,48097,8424.675008046623
2566,48099,20295.121549544176
2567,48101,376.3079410952804
2568,48103,1409.6387275408524
2569,48105,1328.5290750705763
2570,48107,2234.797549042871
2571,48109,573.4805478053983
2572,48111,2664.167288169308
2573,48113,687069.5682385323
2574,48115,3109.376967909804
2575,48117,6282.107444810179
2576,48119,2380.013291980509
2577,48121,243412.33588356938
2578,48123,7125.6493967621345
2579,48125,472.57147848158127
2580,48127,6828.914491174299
2581,48129,1325.9473232684525
2582,48131,3759.3151274891857
2583,48133,3473.7528680344944
2584,48135,45517.569288433486
2585,48137,695.4593378418385
2586,48139,59126.42441231632
2587,48141,219429.17544475984
2588,48143,7677.964377003965
2589,48145,4161.345533807917
2590,48147,6288.144621217673
2591,48149,5072.140458109842
2592,48151,656.9773111227146
2593,48153,2334.2645027883527
2594,48155,244.98450984251537
2595,48157,251691.07667350318
2596,48159,2605.7378240884605
2597,48161,4175.068997056688
2598,48163,5968.084330797369
2599,48165,2421.4170024912282
2600,48167,119537.4788737156
2601,48169,1410.694578810615
2602,48171,6679.729173394249
2603,48173,180.84952364086735
2604,48175,1507.9115641809672
2605,48177,5345.614801918266
2606,48179,7035.773545043303
2607,48181,28606.12712890082
2608,48183,27363.766992076595
2609,48185,9519.160813629836
2610,48187,35294.2399332017
2611,48189,7150.632588638325
2612,48191,1323.9911519354614
2613,48193,1897.1824667969433
2614,48195,2189.6498128328553
2615,48197,596.5775820906556
2616,48199,14320.526960174786
2617,48201,1243064.7458703208
2618,48203,15129.073425162513
2619,48205,1288.1659041143366
2620,48207,937.9668382153221
2621,48209,65736.84182200553
2622,48211,1252.3675421073942
2623,48213,15132.861111510656
2624,48215,288502.28021888516
2625,48217,8207.375826594827
2626,48219,9421.90069326877
2627,48221,14086.169954356961
2628,48223,8761.761505424452
2629,48225,4649.850209703294
2630,48227,7809.794366127725
2631,48229,1106.327968413426
2632,48231,21045.485796171128
2633,48233,8089.81379848546
2634,48235,558.160352509351
2635,48237,1527.2364872532482
2636,48239,3925.523573518745
2637,48241,7131.304489537867
2638,48243,259.12817766851487
2639,48245,63714.26380992933
2640,48247,3795.5724674422418
2641,48249,13479.17537999241
2642,48251,50309.894687032276
2643,48253,4959.89590074102
2644,48255,5243.937235984317
2645,48257,43282.90369592536
2646,48259,9218.50992717467
2647,48261,115.84204389765382
2648,48263,232.1057934581657
2649,48265,11145.716279221837
2650,48267,778.0096787220091
2651,48269,53.0632205077359
2652,48271,754.2350511242416
2653,48273,10261.395458555393
2654,48275,550.5999072468425
2655,48277,11654.639758761949
2656,48279,5551.651729694089
2657,48281,5153.775458190512
2658,48283,2654.215412154644
2659,48285,5253.874651842467
2660,48287,4711.939546715485
2661,48289,4491.671676847028
2662,48291,20295.2127414908
2663,48293,6688.55300720794
2664,48295,824.0431919818709
2665,48297,2234.8775278035146
2666,48299,4742.713133677664
2667,48301,292.3274958896035
2668,48303,99202.3271042656
2669,48305,1644.8142935014253
2670,48307,1715.7552102814325
2671,48309,65496.02929669063
2672,48311,189.12789130580592
2673,48313,4176.385181204707
2674,48315,1807.7918972411103
2675,48317,1251.0089904680567
2676,48319,1015.5614904340094
2677,48321,9549.480055111746
2678,48323,20096.448713331276
2679,48325,10229.625144263226
2680,48327,595.4444878101982
2681,48329,39020.917094488075
2682,48331,4295.741919200013
2683,48333,1334.9366551548237
2684,48335,1991.7610937147167
2685,48337,4997.296699260829
2686,48339,164560.68017627878
2687,48341,5932.983206323577
2688,48343,2599.1041921343967
2689,48345,309.6718273604495
2690,48347,14216.687014768313
2691,48349,12794.880719374878
2692,48351,1733.9236363892123
2693,48353,3546.648064174845
2694,48355,102317.38888248471
2695,48357,2587.3821734287003
2696,48359,632.9895199362511
2697,48361,15749.68155062376
2698,48363,6193.764454469114
2699,48365,5101.829928275871
2700,48367,37334.85193549507
2701,48369,3105.165022984583
2702,48371,4143.442207541981
2703,48373,8106.697009461122
2704,48375,36531.51021497196
2705,48377,1095.8470821375913
2706,48379,2104.8119274849823
2707,48381,32659.4458075722
2708,48383,834.663807809773
2709,48385,960.3265456066454
2710,48387,2602.1212708549742
2711,48389,4670.371887468228
2712,48391,2419.7704916785233
2713,48393,183.35140708133522
2714,48395,6186.449078820926
2715,48397,31075.127287106625
2716,48399,2937.5753003837635
2717,48401,11990.830515022835
2718,48403,1326.6389315034078
2719,48405,1214.3069407260118
2720,48407,5807.167427901877
2721,48409,12725.14536264619
2722,48411,990.2822807369745
2723,48413,681.7083087504627
2724,48415,6032.349550271305
2725,48417,867.1061359730709
2726,48419,4788.4995952145855
2727,48421,531.5936942047147
2728,48423,42938.91673387912
2729,48425,1934.6903859305771
2730,48427,20079.086715898535
2731,48429,2239.126722280802
2732,48431,294.005811189426
2733,48433,395.6311967832565
2734,48435,856.6970453923991
2735,48437,2523.7621332522003
2736,48439,625382.4089434061
2737,48441,37603.252750534804
2738,48443,141.37169632387858
2739,48445,2503.0729946659094
2740,48447,292.1848445568764
2741,48449,10223.043926549542
2742,48451,39317.950347503844
2743,48453,325472.14276187186
2744,48455,2798.2736215446207
2745,48457,4054.1407395104475
2746,48459,8578.920820470279
2747,48461,739.310163417488
2748,48463,8756.827708510647
2749,48465,14127.117378546669
2750,48467,10346.659667449378
2751,48469,25690.984088020192
2752,48471,19199.994283322478
2753,48473,10770.810351141708
2754,48475,2912.3047205059743
2755,48477,10056.75451664587
2756,48479,115932.21361257546
2757,48481,11797.582454146073
2758,48483,1350.9710848057139
2759,48485,43407.4826655367
2760,48487,4223.484062171438
2761,48489,6234.235161748562
2762,48491,168046.40490470885
2763,48493,11630.1186595978
2764,48495,2130.452691020266
2765,48497,18131.696771033632
2766,48499,9613.136993156164
2767,48501,1410.4476050266035
2768,48503,3998.9554140387227
2769,48505,3537.4219173460283
2770,48507,3644.0134877080054
2771,49011,106516.254485587
2772,49035,329009.0711407565
2773,49037,4198.281057161428
2774,49043,14252.265569685083
2775,49045,25301.972975321693
2776,49049,205771.84473361092
2777,49051,11444.60406506047
2778,50001,6822.472628853125
2779,50003,12428.854041766754
2780,50005,6755.1555145507955
2781,50007,37172.31842813032
2782,50009,1362.1829135319413
2783,50011,11616.495201087551
2784,50013,1443.733011167461
2785,50015,3734.834360268711
2786,50017,4915.220769633741
2787,50019,7104.707719543451
2788,50021,16383.18166144687
2789,50023,14245.685579084005
2790,50025,8264.852095147216
2791,50027,11164.217790648263
2792,51001,7433.898873150296
2793,51003,23291.827820394297
2794,51005,4112.348451873908
2795,51007,3034.218251096503
2796,51009,8872.142368044017
2797,51011,4585.987958892136
2798,51013,60744.93358117851
2799,51015,21250.542046468272
2800,51017,936.8758603552205
2801,51019,17292.79147723074
2802,51021,1963.4348334261292
2803,51023,9896.016342694747
2804,51025,3346.1588961885614
2805,51027,5577.2385776302235
2806,51029,4551.9729439449075
2807,51031,17567.067987534167
2808,51033,8123.23871985873
2809,51035,9274.832620595456
2810,51036,1648.4701773465674
2811,51037,2267.638464993571
2812,51041,104012.82633332716
2813,51043,3127.541565203052
2814,51045,1405.2834787272195
2815,51047,14033.340159543106
2816,51049,1288.6347763405156
2817,51051,3949.169551631099
2818,51053,6488.922452656044
2819,51057,2173.1544371828827
2820,51059,241576.5970079171
2821,51061,14546.349492617896
2822,51063,2789.162122462929
2823,51065,6097.295175688565
2824,51067,13547.586757151874
2825,51069,20937.5360242309
2826,51071,5289.707447130742
2827,51073,10321.518432113002
2828,51075,4888.387893900903
2829,51077,3984.050222847511
2830,51079,4832.5698009011885
2831,51081,3817.6319647492355
2832,51083,9136.791350042255
2833,51085,27857.816936970372
2834,51087,90373.70881385141
2835,51089,14971.461217237127
2836,51091,432.20922495981733
2837,51093,9231.141726775193
2838,51095,21554.149156425123
2839,51097,1255.1590181415309
2840,51099,6775.070503328045
2841,51101,4435.113846467099
2842,51103,2403.133054525065
2843,51105,7588.736117398958
2844,51107,96066.80514627222
2845,51109,8844.921841461792
2846,51111,3166.972569516682
2847,51113,2809.7550672324073
2848,51115,1703.5092827066399
2849,51117,7028.943223984234
2850,51119,2272.126284228322
2851,51121,24782.90762688302
2852,51125,3214.4169116580847
2853,51127,5480.770343530087
2854,51131,2590.722013083402
2855,51133,2253.3258479753063
2856,51135,5139.840804227006
2857,51137,9925.162163611574
2858,51139,6930.383726823556
2859,51141,4979.833170673422
2860,51143,16142.089245004441
2861,51145,6232.75581845809
2862,51147,5813.82976411659
2863,51149,12769.687114963333
2864,51153,123350.25365442764
2865,51155,9035.394523084286
2866,51157,1333.115956112529
2867,51159,3062.0996535435866
2868,51161,29703.37300911463
2869,51163,4477.087066400886
2870,51165,16888.268720894317
2871,51167,8380.54700522697
2872,51169,7315.306008713387
2873,51171,13494.449040470148
2874,51173,12083.896727049512
2875,51175,3415.591183286046
2876,51177,32502.98100964482
2877,51179,37210.63590337249
2878,51181,1461.9837848836812
2879,51183,2810.3811405534084
2880,51185,11899.394432541987
2881,51187,9993.448183554927
2882,51191,16970.620647492284
2883,51193,4268.429584627294
2884,51195,12023.85285206304
2885,51197,8543.912338085702
2886,51199,11968.949409513889
2887,51510,41954.96831213561
2888,51520,5854.880222255095
2889,51530,2246.100610203218
2890,51540,13253.495736298533
2891,51550,55020.952161169684
2892,51570,6202.614903590704
2893,51580,1673.7855375203803
2894,51590,15219.949109321786
2895,51595,1573.314591008266
2896,51600,2686.431806744382
2897,51610,2947.234678178524
2898,51620,2196.1716140912267
2899,51630,6194.59835736957
2900,51640,3360.937486710114
2901,51650,34666.00200339862
2902,51660,14972.881012511847
2903,51670,6701.507990655353
2904,51678,2329.5669167521537
2905,51680,22888.141427970204
2906,51683,9705.003082929114
2907,51685,4485.437362794418
2908,51690,4568.751143557071
2909,51700,42817.08772926531
2910,51710,49418.54545500034
2911,51720,1474.9209660007732
2912,51730,11479.030476984604
2913,51735,2239.912517974192
2914,51740,26096.757162630314
2915,51750,5521.750242701442
2916,51760,64208.10956126149
2917,51770,21865.056696251435
2918,51775,6942.929675698634
2919,51790,8171.851289164005
2920,51800,20908.818663465696
2921,51810,112587.38290752254
2922,51820,6276.475213959571
2923,51830,2134.405702899203
2924,51840,7751.445132025037
2925,53001,5351.546102668223
2926,53003,5576.624527176072
2927,53005,73165.99360352143
2928,53007,26158.052162454143
2929,53009,14770.516202356754
2930,53011,101354.06579368214
2931,53013,843.9313225153735
2932,53015,25670.64720406805
2933,53017,13373.139552762323
2934,53019,1918.4253973117472
2935,53021,40557.906847418184
2936,53023,510.85273011300984
2937,53025,33427.4731580618
2938,53027,18978.183681859922
2939,53029,15016.92924658192
2940,53031,5081.789705604792
2941,53033,352591.09730508685
2942,53035,41744.5202887759
2943,53037,9767.108380306452
2944,53039,3936.7882481019533
2945,53041,17144.71629259021
2946,53043,2214.420589285584
2947,53045,12928.750602109274
2948,53047,9334.101678209743
2949,53049,4041.8115615259285
2950,53051,2725.718801455372
2951,53053,218084.42471889182
2952,53055,1972.8235852649323
2953,53057,27195.350224603524
2954,53059,1855.069176270074
2955,53061,214035.80968368085
2956,53063,167011.13207890515
2957,53065,9913.543820572288
2958,53067,53700.95812747246
2959,53069,643.6295172688035
2960,53071,18438.762673027217
2961,53073,37466.28823140079
2962,53075,11085.906186065384
2963,53077,94806.97566949094
2964,54001,5232.251705723065
2965,54003,42824.45922353769
2966,54005,9481.049946464289
2967,54007,5324.0515999912095
2968,54009,5098.320565561564
2969,54011,29259.217382672086
2970,54013,2345.7762175454086
2971,54015,2625.9793034206664
2972,54017,2198.962689263547
2973,54019,16889.137237093342
2974,54021,2489.802852475811
2975,54023,4628.010128967125
2976,54025,12999.073803500582
2977,54027,6769.069723365832
2978,54029,7665.54671573766
2979,54031,5800.084685293275
2980,54033,25481.93071947502
2981,54035,6777.636578097799
2982,54037,20178.001890618365
2983,54039,49188.336596584195
2984,54041,6124.112971622704
2985,54043,6970.420863579432
2986,54045,10609.315143916881
2987,54047,7845.196150545834
2988,54049,20528.914022548128
2989,54051,11459.299645041032
2990,54053,8571.616962354192
2991,54055,21970.931848058262
2992,54057,9407.310950829422
2993,54059,9504.043016835432
2994,54061,28774.230910289676
2995,54063,5323.649283254589
2996,54065,4552.88464172915
2997,54067,9128.59498333064
2998,54069,12372.339176654095
2999,54071,2281.158382639444
3000,54073,2410.3586148334375
3001,54075,2003.5988222576984
3002,54077,10556.935365016307
3003,54079,22717.571345260203
3004,54081,33863.31166174751
3005,54083,10274.86834464813
3006,54085,3270.198918124923
3007,54087,4274.446769310075
3008,54089,3365.952259862656
3009,54091,5137.836569301586
3010,54093,2347.527161813339
3011,54095,2512.1460089626116
3012,54097,8541.931395988484
3013,54099,9337.495233812197
3014,54101,2323.06080663818
3015,54103,5523.959992218536
3016,54105,1890.0099034920859
3017,54107,28659.23999759849
3018,54109,9046.113530643972
3019,55001,5883.881698040538
3020,55003,3837.8137566165756
3021,55005,17269.646224583194
3022,55007,4241.534068691383
3023,55009,94714.74946942135
3024,55011,3427.716967928587
3025,55013,4451.985799300093
3026,55015,16602.739683817363
3027,55017,23013.924189906626
3028,55019,8004.634847281499
3029,55021,15993.787321508806
3030,55023,5373.215132040577
3031,55025,159666.83953167187
3032,55027,32238.73148543126
3033,55029,8846.447978663748
3034,55031,12616.581441908116
3035,55033,18603.01523735414
3036,55035,38144.53354831646
3037,55037,1183.0319392860251
3038,55039,44954.17736217621
3039,55041,3387.366824935528
3040,55043,12767.887419678082
3041,55045,10094.086038917792
3042,55047,6660.605644215923
3043,55049,6561.2771667815705
3044,55051,1606.640263791149
3045,55053,6991.4746464004675
3046,55055,29727.859639100785
3047,55057,8114.863142453172
3048,55059,49645.778230727214
3049,55061,5325.658113949082
3050,55063,45571.872302440985
3051,55065,4404.691739901395
3052,55067,6464.77930950049
3053,55069,9012.237903505398
3054,55071,23670.969146911953
3055,55073,41580.19955554525
3056,55075,13845.80397227542
3057,55077,3824.0158525164716
3058,55078,2244.811872678507
3059,55079,327517.2937247601
3060,55081,14944.453996204722
3061,55083,13383.711044650438
3062,55085,9589.430307773027
3063,55087,62790.21358100835
3064,55089,25362.731222783208
3065,55091,2519.7673925508593
3066,55093,12890.188722487545
3067,55095,14874.275215166379
3068,55097,23751.60085584425
3069,55099,3565.545182924696
3070,55101,59907.24527337569
3071,55103,3936.6808244535896
3072,55105,48350.78747626533
3073,55107,3306.8790774911176
3074,55109,31349.03318543807
3075,55111,20299.900172833033
3076,55113,5862.261127164733
3077,55115,12772.23408766233
3078,55117,37927.90730539391
3079,55119,5747.249018887265
3080,55121,9981.844652416321
3081,55123,7687.085761234655
3082,55125,5787.629842801118
3083,55127,29856.112482870645
3084,55129,4651.65856401724
3085,55131,44904.029174495874
3086,55133,120225.26384945578
3087,55135,16893.191043407987
3088,55137,6240.886333556771
3089,55139,68097.8353474908
3090,55141,23436.56104425823
3091,56001,9805.547574190976
3092,56003,2702.6871478556773
3093,56005,12076.806245445141
3094,56007,4998.544603611898
3095,56009,3742.1386097232403
3096,56011,1192.8074981879438
3097,56013,14086.08802206226
3098,56015,5059.1567358099155
3099,56017,1361.332286426741
3100,56019,2135.996228405202
3101,56021,31148.725860100392
3102,56023,4231.679918048175
3103,56025,21701.798348772114
3104,56027,803.9117775973773
3105,56029,6792.445615100644
3106,56031,1677.216960990033
3107,56033,10655.774953599273
3108,56035,2077.199710702066
3109,56037,14315.344997646844
3110,56039,13494.102340160087
3111,56041,5581.817616851319
3112,56043,2871.336204261611
3113,56045,1867.3938332766345
